variant_c,variant_p,aa_num,aa_ref,aa_mut,germline_classification
c.1000A>C,p.K334Q,334,K,Q,VUS
c.1000A>G,p.K334E,334,K,E,VUS
c.1002A>C,p.K334N,334,K,N,VUS
c.1003A>G,p.T335A,335,T,A,VUS
c.1004C>G,p.T335S,335,T,S,Conflicting
c.1004C>T,p.T335I,335,T,I,Conflicting
c.1006C>A,p.P336T,336,P,T,VUS
c.1006C>T,p.P336S,336,P,S,VUS
c.1007C>A,p.P336H,336,P,H,VUS
c.1007C>T,p.P336L,336,P,L,VUS
c.1009C>G,p.Q337E,337,Q,E,Conflicting
c.1010A>G,p.Q337R,337,Q,R,VUS
c.1012G>A,p.G338R,338,G,R,LP
c.1012G>C,p.G338R,338,G,R,LP
c.1013_1014delinsAT,p.G338D,338,G,D,LP
c.1013G>A,p.G338E,338,G,E,P
c.1013G>C,p.G338A,338,G,A,Conflicting
c.1013G>T,p.G338V,338,G,V,LP
c.1016A>C,p.Q339P,339,Q,P,VUS
c.1016A>G,p.Q339R,339,Q,R,VUS
c.1018A>G,p.R340G,340,R,G,VUS
c.1019G>C,p.R340T,340,R,T,VUS
c.1019G>T,p.R340I,340,R,I,VUS
c.1020A>C,p.R340S,340,R,S,VUS
c.1020A>T,p.R340S,340,R,S,VUS
c.1021C>G,p.L341V,341,L,V,Conflicting
c.1021C>T,p.L341F,341,L,F,Conflicting
c.1022T>C,p.L341P,341,L,P,LP
c.1022T>G,p.L341R,341,L,R,Conflicting
c.1024G>A,p.V342I,342,V,I,VUS
c.1024G>C,p.V342L,342,V,L,VUS
c.1025T>C,p.V342A,342,V,A,VUS
c.1027A>G,p.N343D,343,N,D,Conflicting
c.1029C>A,p.N343K,343,N,K,VUS
c.1029C>G,p.N343K,343,N,K,Conflicting
c.1030C>A,p.Q344K,344,Q,K,VUS
c.1030C>G,p.Q344E,344,Q,E,LB
c.1031A>C,p.Q344P,344,Q,P,Conflicting
c.1032G>C,p.Q344H,344,Q,H,Conflicting
c.1033T>G,p.W345G,345,W,G,VUS
c.1035G>C,p.W345C,345,W,C,Conflicting
c.1035G>T,p.W345C,345,W,C,VUS
c.1036A>G,p.I346V,346,I,V,VUS
c.1037T>C,p.I346T,346,I,T,VUS
c.1041G>C,p.K347N,347,K,N,Conflicting
c.1041G>T,p.K347N,347,K,N,VUS
c.1042C>G,p.Q348E,348,Q,E,VUS
c.1043A>G,p.Q348R,348,Q,R,Conflicting
c.1044G>C,p.Q348H,348,Q,H,VUS
c.1044G>T,p.Q348H,348,Q,H,VUS
c.1045C>A,p.P349T,349,P,T,LP
c.1045C>G,p.P349A,349,P,A,Conflicting
c.1045C>T,p.P349S,349,P,S,LP
c.1046_1047delinsGC,p.P349R,349,P,R,LP
c.1046C>G,p.P349R,349,P,R,P
c.1046C>T,p.P349L,349,P,L,P
c.1048C>G,p.L350V,350,L,V,VUS
c.1048C>T,p.L350F,350,L,F,Conflicting
c.1049T>C,p.L350P,350,L,P,VUS
c.1051A>G,p.M351V,351,M,V,Conflicting
c.1051A>T,p.M351L,351,M,L,VUS
c.1052T>C,p.M351T,351,M,T,Conflicting
c.1052T>G,p.M351R,351,M,R,VUS
c.1053G>C,p.M351I,351,M,I,Conflicting
c.1053G>T,p.M351I,351,M,I,VUS
c.1054G>A,p.D352N,352,D,N,VUS
c.1055A>G,p.D352G,352,D,G,VUS
c.1057A>C,p.K353Q,353,K,Q,Conflicting
c.1059G>T,p.K353N,353,K,N,VUS
c.1060A>C,p.N354H,354,N,H,VUS
c.1061A>G,p.N354S,354,N,S,Conflicting
c.1063A>G,p.R355G,355,R,G,VUS
c.1064G>A,p.R355K,355,R,K,LB
c.1064G>T,p.R355I,355,R,I,VUS
c.1066A>G,p.I356V,356,I,V,VUS
c.1067T>A,p.I356K,356,I,K,LP
c.1067T>C,p.I356T,356,I,T,Conflicting
c.1067T>G,p.I356R,356,I,R,LP
c.1068A>G,p.I356M,356,I,M,VUS
c.1069G>A,p.E357K,357,E,K,VUS
c.1069G>C,p.E357Q,357,E,Q,Conflicting
c.1070A>C,p.E357A,357,E,A,Conflicting
c.1070A>T,p.E357V,357,E,V,VUS
c.1071G>C,p.E357D,357,E,D,Conflicting
c.1073A>C,p.E358A,358,E,A,VUS
c.1074G>C,p.E358D,358,E,D,Conflicting
c.1074G>T,p.E358D,358,E,D,VUS
c.1075A>G,p.R359G,359,R,G,LP
c.1076G>A,p.R359K,359,R,K,VUS
c.1076G>C,p.R359T,359,R,T,LP
c.1076G>T,p.R359I,359,R,I,LP
c.1077A>T,p.R359S,359,R,S,P
c.1078T>A,p.L360M,360,L,M,LB
c.1079T>G,p.L360W,360,L,W,VUS
c.1080G>T,p.L360F,360,L,F,VUS
c.1082A>C,p.N361T,361,N,T,VUS
c.1082A>G,p.N361S,361,N,S,Conflicting
c.1084T>A,p.L362I,362,L,I,VUS
c.1085_1086delinsAC,p.L362Y,362,L,Y,VUS
c.1085T>C,p.L362S,362,L,S,Conflicting
c.1087G>A,p.V363M,363,V,M,VUS
c.1087G>T,p.V363L,363,V,L,Conflicting
c.1090G>A,p.E364K,364,E,K,VUS
c.1091A>T,p.E364V,364,E,V,VUS
c.1092A>C,p.E364D,364,E,D,VUS
c.1094C>A,p.A365D,365,A,D,VUS
c.1094C>G,p.A365G,365,A,G,Conflicting
c.1094C>T,p.A365V,365,A,V,Conflicting
c.1096T>C,p.F366L,366,F,L,VUS
c.1097T>C,p.F366S,366,F,S,VUS
c.1099G>A,p.V367I,367,V,I,LB
c.1100T>C,p.V367A,367,V,A,Conflicting
c.1102G>A,p.E368K,368,E,K,VUS
c.1103A>G,p.E368G,368,E,G,Conflicting
c.1103A>T,p.E368V,368,E,V,Conflicting
c.1105G>A,p.D369N,369,D,N,Conflicting
c.1106A>G,p.D369G,369,D,G,VUS
c.1108G>A,p.A370T,370,A,T,Conflicting
c.1109C>G,p.A370G,370,A,G,Conflicting
c.1109C>T,p.A370V,370,A,V,Conflicting
c.1111G>A,p.E371K,371,E,K,VUS
c.1111G>C,p.E371Q,371,E,Q,VUS
c.1113A>C,p.E371D,371,E,D,LB
c.1114T>G,p.L372V,372,L,V,Conflicting
c.1115T>C,p.L372S,372,L,S,VUS
c.1115T>G,p.L372W,372,L,W,VUS
c.1116G>T,p.L372F,372,L,F,VUS
c.1118G>A,p.R373K,373,R,K,VUS
c.1118G>C,p.R373T,373,R,T,VUS
c.1118G>T,p.R373M,373,R,M,VUS
c.1119G>T,p.R373S,373,R,S,VUS
c.1121A>C,p.Q374P,374,Q,P,Conflicting
c.1121A>G,p.Q374R,374,Q,R,Conflicting
c.1122G>C,p.Q374H,374,Q,H,Conflicting
c.1122G>T,p.Q374H,374,Q,H,VUS
c.1124C>G,p.T375S,375,T,S,VUS
c.1124C>T,p.T375I,375,T,I,Conflicting
c.1127T>C,p.L376S,376,L,S,LB
c.1129C>G,p.Q377E,377,Q,E,LB
c.1130A>G,p.Q377R,377,Q,R,Conflicting
c.1132G>A,p.E378K,378,E,K,VUS
c.1133A>C,p.E378A,378,E,A,LB
c.1133A>G,p.E378G,378,E,G,VUS
c.1134A>T,p.E378D,378,E,D,VUS
c.1135G>T,p.D379Y,379,D,Y,Conflicting
c.1138T>G,p.L380V,380,L,V,VUS
c.1139T>C,p.L380S,380,L,S,Conflicting
c.1141C>A,p.L381I,381,L,I,VUS
c.1141C>G,p.L381V,381,L,V,VUS
c.1141C>T,p.L381F,381,L,F,VUS
c.1144C>A,p.R382S,382,R,S,VUS
c.1144C>T,p.R382C,382,R,C,Conflicting
c.1145G>A,p.R382H,382,R,H,Conflicting
c.1145G>C,p.R382P,382,R,P,VUS
c.1145G>T,p.R382L,382,R,L,VUS
c.1148G>A,p.R383Q,383,R,Q,Conflicting
c.1148G>C,p.R383P,383,R,P,Conflicting
c.1148G>T,p.R383L,383,R,L,VUS
c.1152C>G,p.F384L,384,F,L,VUS
c.1153C>G,p.P385A,385,P,A,Conflicting
c.1153C>T,p.P385S,385,P,S,VUS
c.1154C>T,p.P385L,385,P,L,Conflicting
c.1156G>A,p.D386N,386,D,N,Conflicting
c.1156G>C,p.D386H,386,D,H,VUS
c.1156G>T,p.D386Y,386,D,Y,VUS
c.1157A>G,p.D386G,386,D,G,Conflicting
c.1159C>A,p.L387I,387,L,I,VUS
c.1159C>G,p.L387V,387,L,V,VUS
c.1159C>T,p.L387F,387,L,F,Conflicting
c.1160T>G,p.L387R,387,L,R,VUS
c.1162A>C,p.N388H,388,N,H,VUS
c.1163A>G,p.N388S,388,N,S,VUS
c.1166G>A,p.R389Q,389,R,Q,Conflicting
c.1166G>T,p.R389L,389,R,L,VUS
c.1168C>G,p.L390V,390,L,V,VUS
c.1168C>T,p.L390F,390,L,F,B
c.1171G>A,p.A391T,391,A,T,Conflicting
c.1171G>C,p.A391P,391,A,P,VUS
c.1172C>A,p.A391D,391,A,D,VUS
c.1172C>T,p.A391V,391,A,V,Conflicting
c.1174A>C,p.K392Q,392,K,Q,VUS
c.1174A>G,p.K392E,392,K,E,VUS
c.1175A>T,p.K392M,392,K,M,Conflicting
c.1177A>C,p.K393Q,393,K,Q,VUS
c.1178A>T,p.K393M,393,K,M,VUS
c.1179G>C,p.K393N,393,K,N,Conflicting
c.1182T>G,p.F394L,394,F,L,Conflicting
c.1183C>A,p.Q395K,395,Q,K,VUS
c.1183C>G,p.Q395E,395,Q,E,VUS
c.1184A>G,p.Q395R,395,Q,R,Conflicting
c.1184A>T,p.Q395L,395,Q,L,VUS
c.1185A>C,p.Q395H,395,Q,H,Conflicting
c.1187G>T,p.R396I,396,R,I,VUS
c.1189C>G,p.Q397E,397,Q,E,Conflicting
c.1190A>G,p.Q397R,397,Q,R,VUS
c.1191A>T,p.Q397H,397,Q,H,Conflicting
c.1192G>A,p.A398T,398,A,T,VUS
c.1193C>T,p.A398V,398,A,V,Conflicting
c.1195G>A,p.A399T,399,A,T,Conflicting
c.1195G>T,p.A399S,399,A,S,VUS
c.1196C>A,p.A399E,399,A,E,VUS
c.1196C>G,p.A399G,399,A,G,VUS
c.1198A>C,p.N400H,400,N,H,LB
c.1200C>G,p.N400K,400,N,K,Conflicting
c.1204C>A,p.Q402K,402,Q,K,Conflicting
c.1204C>G,p.Q402E,402,Q,E,Conflicting
c.1205A>G,p.Q402R,402,Q,R,Conflicting
c.1206A>C,p.Q402H,402,Q,H,VUS
c.1206A>T,p.Q402H,402,Q,H,VUS
c.1207G>A,p.D403N,403,D,N,VUS
c.1207G>C,p.D403H,403,D,H,VUS
c.1211G>T,p.C404F,404,C,F,VUS
c.1216C>G,p.R406G,406,R,G,VUS
c.1217G>A,p.R406Q,406,R,Q,Conflicting
c.1217G>T,p.R406L,406,R,L,Conflicting
c.1220T>A,p.L407H,407,L,H,VUS
c.1223A>C,p.Y408S,408,Y,S,VUS
c.1223A>G,p.Y408C,408,Y,C,Conflicting
c.1223A>T,p.Y408F,408,Y,F,LB
c.1225C>A,p.Q409K,409,Q,K,VUS
c.1225C>G,p.Q409E,409,Q,E,Conflicting
c.1226A>G,p.Q409R,409,Q,R,VUS
c.1227G>T,p.Q409H,409,Q,H,VUS
c.1228G>T,p.G410C,410,G,C,Conflicting
c.1229G>C,p.G410A,410,G,A,VUS
c.1229G>T,p.G410V,410,G,V,Conflicting
c.1231A>G,p.I411V,411,I,V,VUS
c.1232T>A,p.I411K,411,I,K,VUS
c.1232T>C,p.I411T,411,I,T,Conflicting
c.1232T>G,p.I411R,411,I,R,LP
c.1233A>G,p.I411M,411,I,M,VUS
c.1234A>C,p.N412H,412,N,H,LB
c.1235A>C,p.N412T,412,N,T,VUS
c.1235A>G,p.N412S,412,N,S,Conflicting
c.1236T>A,p.N412K,412,N,K,VUS
c.1237C>A,p.Q413K,413,Q,K,VUS
c.1237C>G,p.Q413E,413,Q,E,VUS
c.1238A>C,p.Q413P,413,Q,P,Conflicting
c.1240C>G,p.L414V,414,L,V,VUS
c.1241T>C,p.L414P,414,L,P,LP
c.1241T>G,p.L414R,414,L,R,VUS
c.1243C>G,p.P415A,415,P,A,VUS
c.1243C>T,p.P415S,415,P,S,Conflicting
c.1244C>G,p.P415R,415,P,R,VUS
c.1244C>T,p.P415L,415,P,L,VUS
c.1246A>G,p.N416D,416,N,D,VUS
c.1247A>C,p.N416T,416,N,T,VUS
c.1247A>G,p.N416S,416,N,S,VUS
c.1249G>A,p.V417I,417,V,I,Conflicting
c.1250T>G,p.V417G,417,V,G,Conflicting
c.1252A>G,p.I418V,418,I,V,VUS
c.1252A>T,p.I418L,418,I,L,Conflicting
c.1253T>C,p.I418T,418,I,T,Conflicting
c.1254A>G,p.I418M,418,I,M,Conflicting
c.1255C>A,p.Q419K,419,Q,K,LB
c.1255C>G,p.Q419E,419,Q,E,LB
c.1258G>C,p.A420P,420,A,P,Conflicting
c.1258G>T,p.A420S,420,A,S,Conflicting
c.1259C>T,p.A420V,420,A,V,Conflicting
c.1261C>G,p.L421V,421,L,V,VUS
c.1262T>C,p.L421P,421,L,P,VUS
c.1264G>A,p.E422K,422,E,K,VUS
c.1266_1268delinsGTT,p.K423L,423,K,L,VUS
c.1266A>C,p.E422D,422,E,D,VUS
c.1267A>G,p.K423E,423,K,E,Conflicting
c.1269A>T,p.K423N,423,K,N,VUS
c.1270C>T,p.H424Y,424,H,Y,Conflicting
c.1271A>G,p.H424R,424,H,R,VUS
c.1272T>G,p.H424Q,424,H,Q,VUS
c.1273G>A,p.E425K,425,E,K,VUS
c.1275A>C,p.E425D,425,E,D,VUS
c.1276G>A,p.G426R,426,G,R,LP
c.1276G>C,p.G426R,426,G,R,LP
c.1279A>G,p.K427E,427,K,E,VUS
c.1280A>C,p.K427T,427,K,T,VUS
c.1281A>T,p.K427N,427,K,N,Conflicting
c.1282C>G,p.H428D,428,H,D,Conflicting
c.1284C>G,p.H428Q,428,H,Q,Conflicting
c.1285C>G,p.Q429E,429,Q,E,Conflicting
c.1286A>C,p.Q429P,429,Q,P,VUS
c.1286A>G,p.Q429R,429,Q,R,VUS
c.1287G>T,p.Q429H,429,Q,H,VUS
c.1289A>G,p.K430R,430,K,R,VUS
c.1291T>G,p.L431V,431,L,V,VUS
c.1294T>A,p.L432M,432,L,M,Conflicting
c.1295T>G,p.L432W,432,L,W,VUS
c.1299G>C,p.L433F,433,L,F,VUS
c.1300G>A,p.A434T,434,A,T,Conflicting
c.1301C>T,p.A434V,434,A,V,Conflicting
c.1303G>A,p.V435I,435,V,I,Conflicting
c.1303G>C,p.V435L,435,V,L,Conflicting
c.1303G>T,p.V435F,435,V,F,Conflicting
c.1307T>C,p.F436S,436,F,S,VUS
c.1308T>A,p.F436L,436,F,L,VUS
c.1309G>A,p.V437M,437,V,M,VUS
c.1309G>C,p.V437L,437,V,L,VUS
c.1309G>T,p.V437L,437,V,L,VUS
c.1312A>C,p.T438P,438,T,P,VUS
c.1312A>T,p.T438S,438,T,S,VUS
c.1313C>G,p.T438S,438,T,S,VUS
c.1313C>T,p.T438I,438,T,I,VUS
c.1315C>G,p.P439A,439,P,A,Conflicting
c.1315C>T,p.P439S,439,P,S,Conflicting
c.1316C>G,p.P439R,439,P,R,VUS
c.1316C>T,p.P439L,439,P,L,Conflicting
c.1318C>G,p.L440V,440,L,V,VUS
c.1318C>T,p.L440F,440,L,F,VUS
c.1319T>C,p.L440P,440,L,P,P
c.1319T>G,p.L440R,440,L,R,LP
c.1321A>C,p.T441P,441,T,P,Conflicting
c.1321A>G,p.T441A,441,T,A,Conflicting
c.1321A>T,p.T441S,441,T,S,Conflicting
c.1322C>G,p.T441S,441,T,S,VUS
c.1322C>T,p.T441I,441,T,I,Conflicting
c.1325A>T,p.D442V,442,D,V,VUS
c.1326T>A,p.D442E,442,D,E,VUS
c.1327C>A,p.L443I,443,L,I,Conflicting
c.1327C>G,p.L443V,443,L,V,VUS
c.1328T>C,p.L443P,443,L,P,VUS
c.1330C>T,p.R444C,444,R,C,Conflicting
c.1331G>A,p.R444H,444,R,H,Conflicting
c.1331G>C,p.R444P,444,R,P,VUS
c.1331G>T,p.R444L,444,R,L,Conflicting
c.1333T>G,p.S445A,445,S,A,VUS
c.1334C>A,p.S445Y,445,S,Y,VUS
c.1334C>G,p.S445C,445,S,C,VUS
c.1334C>T,p.S445F,445,S,F,VUS
c.1336G>A,p.D446N,446,D,N,VUS
c.1336G>C,p.D446H,446,D,H,LB
c.1337A>C,p.D446A,446,D,A,VUS
c.1337A>G,p.D446G,446,D,G,Conflicting
c.1339T>G,p.F447V,447,F,V,VUS
c.1341C>G,p.F447L,447,F,L,Conflicting
c.1342T>C,p.S448P,448,S,P,VUS
c.1343C>G,p.S448C,448,S,C,VUS
c.1346A>G,p.K449R,449,K,R,VUS
c.1347G>C,p.K449N,449,K,N,Conflicting
c.1350T>G,p.F450L,450,F,L,VUS
c.1351C>G,p.Q451E,451,Q,E,Conflicting
c.1352A>G,p.Q451R,451,Q,R,Conflicting
c.1354G>A,p.E452K,452,E,K,Conflicting
c.1354G>C,p.E452Q,452,E,Q,VUS
c.1355A>T,p.E452V,452,E,V,Conflicting
c.1357A>C,p.M453L,453,M,L,VUS
c.1357A>G,p.M453V,453,M,V,Conflicting
c.1358T>A,p.M453K,453,M,K,P
c.1358T>C,p.M453T,453,M,T,Conflicting
c.1360A>C,p.I454L,454,I,L,VUS
c.1360A>G,p.I454V,454,I,V,Conflicting
c.1361T>A,p.I454K,454,I,K,LP
c.1361T>C,p.I454T,454,I,T,Conflicting
c.1361T>G,p.I454R,454,I,R,Conflicting
c.1363G>C,p.E455Q,455,E,Q,VUS
c.1366A>G,p.T456A,456,T,A,Conflicting
c.1367C>G,p.T456R,456,T,R,LB
c.1367C>T,p.T456I,456,T,I,Conflicting
c.1369A>C,p.T457P,457,T,P,Conflicting
c.1369A>G,p.T457A,457,T,A,Conflicting
c.1370C>T,p.T457I,457,T,I,VUS
c.1372T>G,p.L458V,458,L,V,VUS
c.1373T>C,p.L458S,458,L,S,VUS
c.1375G>A,p.D459N,459,D,N,VUS
c.1375G>C,p.D459H,459,D,H,VUS
c.1376A>C,p.D459A,459,D,A,VUS
c.1376A>G,p.D459G,459,D,G,VUS
c.1378A>G,p.M460V,460,M,V,Conflicting
c.1379T>C,p.M460T,460,M,T,Conflicting
c.1380G>C,p.M460I,460,M,I,Conflicting
c.1382A>C,p.D461A,461,D,A,Conflicting
c.1382A>G,p.D461G,461,D,G,VUS
c.1383T>A,p.D461E,461,D,E,VUS
c.1384C>G,p.Q462E,462,Q,E,Conflicting
c.1386G>C,p.Q462H,462,Q,H,VUS
c.1387G>A,p.V463M,463,V,M,Conflicting
c.1391A>G,p.E464G,464,E,G,VUS
c.1394A>G,p.N465S,465,N,S,Conflicting
c.1395C>G,p.N465K,465,N,K,VUS
c.1396C>T,p.H466Y,466,H,Y,Conflicting
c.1397A>G,p.H466R,466,H,R,Conflicting
c.1399G>A,p.E467K,467,E,K,VUS
c.1403T>G,p.F468C,468,F,C,VUS
c.1404C>G,p.F468L,468,F,L,Conflicting
c.1405C>A,p.L469I,469,L,I,VUS
c.1405C>G,p.L469V,469,L,V,Conflicting
c.1405C>T,p.L469F,469,L,F,VUS
c.1406T>A,p.L469H,469,L,H,VUS
c.1408G>A,p.V470I,470,V,I,VUS
c.1408G>C,p.V470L,470,V,L,VUS
c.1408G>T,p.V470L,470,V,L,Conflicting
c.1409T>C,p.V470A,470,V,A,VUS
c.1412A>G,p.K471R,471,K,R,VUS
c.1413A>C,p.K471N,471,K,N,Conflicting
c.1414C>G,p.P472A,472,P,A,VUS
c.1415C>T,p.P472L,472,P,L,VUS
c.1418C>T,p.S473L,473,S,L,Conflicting
c.1420T>C,p.F474L,474,F,L,VUS
c.1423G>A,p.D475N,475,D,N,Conflicting
c.1424A>C,p.D475A,475,D,A,VUS
c.1424A>G,p.D475G,475,D,G,VUS
c.1424A>T,p.D475V,475,D,V,Conflicting
c.1425T>A,p.D475E,475,D,E,Conflicting
c.1426C>T,p.P476S,476,P,S,VUS
c.1429A>C,p.N477H,477,N,H,Conflicting
c.1429A>G,p.N477D,477,N,D,VUS
c.1429A>T,p.N477Y,477,N,Y,Conflicting
c.1430A>G,p.N477S,477,N,S,VUS
c.1432C>G,p.L478V,478,L,V,VUS
c.1432C>T,p.L478F,478,L,F,Conflicting
c.1433T>G,p.L478R,478,L,R,LP
c.1435A>C,p.S479R,479,S,R,VUS
c.1436G>A,p.S479N,479,S,N,LB
c.1439A>G,p.E480G,480,E,G,VUS
c.1440A>T,p.E480D,480,E,D,VUS
c.1441T>A,p.L481I,481,L,I,VUS
c.1444A>G,p.R482G,482,R,G,Conflicting
c.1445G>C,p.R482T,482,R,T,VUS
c.1446A>C,p.R482S,482,R,S,Conflicting
c.1450A>G,p.I484V,484,I,V,VUS
c.1450A>T,p.I484L,484,I,L,VUS
c.1451T>A,p.I484K,484,I,K,VUS
c.1451T>C,p.I484T,484,I,T,Conflicting
c.1451T>G,p.I484R,484,I,R,VUS
c.1452A>G,p.I484M,484,I,M,VUS
c.1453A>C,p.M485L,485,M,L,Conflicting
c.1453A>G,p.M485V,485,M,V,Conflicting
c.1454T>C,p.M485T,485,M,T,Conflicting
c.1455G>A,p.M485I,485,M,I,VUS
c.1456A>T,p.N486Y,486,N,Y,VUS
c.1457A>G,p.N486S,486,N,S,VUS
c.1459G>A,p.D487N,487,D,N,VUS
c.1460A>G,p.D487G,487,D,G,LB
c.1461C>G,p.D487E,487,D,E,Conflicting
c.1462T>G,p.L488V,488,L,V,Conflicting
c.1465G>A,p.E489K,489,E,K,Conflicting
c.1466A>G,p.E489G,489,E,G,Conflicting
c.1467A>C,p.E489D,489,E,D,VUS
c.1467A>T,p.E489D,489,E,D,VUS
c.1469A>G,p.K490R,490,K,R,Conflicting
c.1473G>T,p.K491N,491,K,N,Conflicting
c.1474A>T,p.M492L,492,M,L,Conflicting
c.1475T>C,p.M492T,492,M,T,Conflicting
c.1476G>A,p.M492I,492,M,I,Conflicting
c.1478A>C,p.Q493P,493,Q,P,VUS
c.1478A>G,p.Q493R,493,Q,R,VUS
c.1478A>T,p.Q493L,493,Q,L,Conflicting
c.1480T>C,p.S494P,494,S,P,Conflicting
c.1483A>G,p.T495A,495,T,A,Conflicting
c.1484C>T,p.T495I,495,T,I,Conflicting
c.1486T>G,p.L496V,496,L,V,Conflicting
c.1487T>C,p.L496S,496,L,S,Conflicting
c.1488A>C,p.L496F,496,L,F,Conflicting
c.1489A>G,p.I497V,497,I,V,Conflicting
c.1491A>G,p.I497M,497,I,M,VUS
c.1492A>C,p.S498R,498,S,R,VUS
c.1492A>G,p.S498G,498,S,G,LB
c.1493G>A,p.S498N,498,S,N,Conflicting
c.1495G>A,p.A499T,499,A,T,VUS
c.1495G>C,p.A499P,499,A,P,VUS
c.1496C>T,p.A499V,499,A,V,Conflicting
c.1498G>C,p.A500P,500,A,P,Conflicting
c.1498G>T,p.A500S,500,A,S,VUS
c.1499C>G,p.A500G,500,A,G,VUS
c.1499C>T,p.A500V,500,A,V,VUS
c.1501A>G,p.R501G,501,R,G,VUS
c.1502G>A,p.R501K,501,R,K,Conflicting
c.1502G>C,p.R501T,501,R,T,VUS
c.1505A>G,p.D502G,502,D,G,Conflicting
c.1505A>T,p.D502V,502,D,V,VUS
c.1507C>A,p.L503I,503,L,I,VUS
c.1507C>G,p.L503V,503,L,V,Conflicting
c.1507C>T,p.L503F,503,L,F,VUS
c.1508T>A,p.L503H,503,L,H,VUS
c.1508T>C,p.L503P,503,L,P,Conflicting
c.1510G>C,p.G504R,504,G,R,VUS
c.1510G>T,p.G504C,504,G,C,VUS
c.1511G>A,p.G504D,504,G,D,VUS
c.1511G>T,p.G504V,504,G,V,VUS
c.1514T>C,p.L505S,505,L,S,VUS
c.1517A>G,p.D506G,506,D,G,VUS
c.1518C>A,p.D506E,506,D,E,Conflicting
c.1519C>A,p.P507T,507,P,T,VUS
c.1520C>T,p.P507L,507,P,L,LB
c.1523G>C,p.G508A,508,G,A,VUS
c.1530G>C,p.Q510H,510,Q,H,Conflicting
c.1530G>T,p.Q510H,510,Q,H,Conflicting
c.1531A>T,p.I511F,511,I,F,VUS
c.1532T>G,p.I511S,511,I,S,VUS
c.1533T>G,p.I511M,511,I,M,VUS
c.1535A>C,p.K512T,512,K,T,VUS
c.1537C>G,p.L513V,513,L,V,VUS
c.1540G>A,p.D514N,514,D,N,LB
c.1544C>G,p.S515C,515,S,C,VUS
c.1546A>G,p.S516G,516,S,G,Conflicting
c.1547G>A,p.S516N,516,S,N,Conflicting
c.1547G>T,p.S516I,516,S,I,Conflicting
c.1549G>A,p.A517T,517,A,T,Conflicting
c.1549G>T,p.A517S,517,A,S,VUS
c.1550C>A,p.A517E,517,A,E,Conflicting
c.1550C>T,p.A517V,517,A,V,Conflicting
c.1553A>C,p.Q518P,518,Q,P,VUS
c.1553A>T,p.Q518L,518,Q,L,Conflicting
c.1554G>T,p.Q518H,518,Q,H,VUS
c.1555T>C,p.F519L,519,F,L,Conflicting
c.1556T>G,p.F519C,519,F,C,VUS
c.1557T>G,p.F519L,519,F,L,Conflicting
c.1558G>A,p.G520R,520,G,R,VUS
c.1559G>A,p.G520E,520,G,E,VUS
c.1559G>C,p.G520A,520,G,A,VUS
c.1559G>T,p.G520V,520,G,V,VUS
c.1561T>A,p.Y521N,521,Y,N,Conflicting
c.1561T>G,p.Y521D,521,Y,D,VUS
c.1562A>G,p.Y521C,521,Y,C,VUS
c.1562A>T,p.Y521F,521,Y,F,Conflicting
c.1564T>C,p.Y522H,522,Y,H,VUS
c.1565A>G,p.Y522C,522,Y,C,Conflicting
c.1567T>G,p.F523V,523,F,V,VUS
c.1568T>C,p.F523S,523,F,S,LP
c.1570C>G,p.R524G,524,R,G,Conflicting
c.1570C>T,p.R524C,524,R,C,Conflicting
c.1571G>A,p.R524H,524,R,H,Conflicting
c.1571G>C,p.R524P,524,R,P,LP
c.1571G>T,p.R524L,524,R,L,VUS
c.1573G>A,p.V525I,525,V,I,VUS
c.1577C>A,p.T526N,526,T,N,VUS
c.1577C>T,p.T526I,526,T,I,Conflicting
c.1579T>A,p.C527S,527,C,S,Conflicting
c.1579T>G,p.C527G,527,C,G,VUS
c.1580G>A,p.C527Y,527,C,Y,VUS
c.1580G>C,p.C527S,527,C,S,Conflicting
c.1582A>C,p.K528Q,528,K,Q,Conflicting
c.1582A>G,p.K528E,528,K,E,VUS
c.1583A>G,p.K528R,528,K,R,Conflicting
c.1583A>T,p.K528M,528,K,M,Conflicting
c.1586A>G,p.E529G,529,E,G,VUS
c.1589A>C,p.E530A,530,E,A,Conflicting
c.1589A>G,p.E530G,530,E,G,VUS
c.1591A>G,p.K531E,531,K,E,VUS
c.1593A>C,p.K531N,531,K,N,VUS
c.1593A>T,p.K531N,531,K,N,VUS
c.1594G>A,p.V532I,532,V,I,VUS
c.1594G>C,p.V532L,532,V,L,Conflicting
c.1595T>A,p.V532D,532,V,D,VUS
c.1595T>C,p.V532A,532,V,A,Conflicting
c.1597C>A,p.L533I,533,L,I,VUS
c.1597C>G,p.L533V,533,L,V,Conflicting
c.1597C>T,p.L533F,533,L,F,VUS
c.1598T>G,p.L533R,533,L,R,VUS
c.1600C>T,p.R534C,534,R,C,Conflicting
c.1601G>A,p.R534H,534,R,H,Conflicting
c.1601G>C,p.R534P,534,R,P,VUS
c.1601G>T,p.R534L,534,R,L,Conflicting
c.1603A>C,p.N535H,535,N,H,VUS
c.1603A>G,p.N535D,535,N,D,VUS
c.1605C>A,p.N535K,535,N,K,Conflicting
c.1605C>G,p.N535K,535,N,K,VUS
c.1606A>G,p.N536D,536,N,D,VUS
c.1607A>G,p.N536S,536,N,S,Conflicting
c.1607A>T,p.N536I,536,N,I,VUS
c.1610A>G,p.K537R,537,K,R,Conflicting
c.1611A>C,p.K537N,537,K,N,LB
c.1612A>G,p.N538D,538,N,D,VUS
c.1613A>G,p.N538S,538,N,S,VUS
c.1613A>T,p.N538I,538,N,I,Conflicting
c.1615T>A,p.F539I,539,F,I,Conflicting
c.1615T>C,p.F539L,539,F,L,Conflicting
c.1616T>A,p.F539Y,539,F,Y,VUS
c.1616T>G,p.F539C,539,F,C,VUS
c.1617T>A,p.F539L,539,F,L,Conflicting
c.1617T>G,p.F539L,539,F,L,VUS
c.1618A>C,p.S540R,540,S,R,VUS
c.1618A>G,p.S540G,540,S,G,Conflicting
c.1619G>A,p.S540N,540,S,N,Conflicting
c.1619G>C,p.S540T,540,S,T,Conflicting
c.1620T>A,p.S540R,540,S,R,VUS
c.1621A>T,p.T541S,541,T,S,VUS
c.1622C>A,p.T541N,541,T,N,LB
c.1622C>T,p.T541I,541,T,I,Conflicting
c.1625T>C,p.V542A,542,V,A,Conflicting
c.1627G>A,p.D543N,543,D,N,VUS
c.1628A>G,p.D543G,543,D,G,VUS
c.1629T>A,p.D543E,543,D,E,VUS
c.1629T>G,p.D543E,543,D,E,VUS
c.1631T>C,p.I544T,544,I,T,Conflicting
c.1632C>G,p.I544M,544,I,M,VUS
c.1635G>T,p.Q545H,545,Q,H,VUS
c.1636A>G,p.K546E,546,K,E,Conflicting
c.1637A>G,p.K546R,546,K,R,VUS
c.1638G>C,p.K546N,546,K,N,Conflicting
c.1640A>G,p.N547S,547,N,S,Conflicting
c.1642G>A,p.G548S,548,G,S,VUS
c.1642G>T,p.G548C,548,G,C,Conflicting
c.1643G>A,p.G548D,548,G,D,VUS
c.1645G>A,p.V549I,549,V,I,Conflicting
c.1645G>T,p.V549F,549,V,F,VUS
c.1648A>G,p.K550E,550,K,E,VUS
c.1649A>C,p.K550T,550,K,T,VUS
c.1649A>T,p.K550I,550,K,I,VUS
c.1650A>C,p.K550N,550,K,N,Conflicting
c.1651T>A,p.F551I,551,F,I,VUS
c.1651T>C,p.F551L,551,F,L,VUS
c.1652T>A,p.F551Y,551,F,Y,VUS
c.1653T>A,p.F551L,551,F,L,VUS
c.1654A>C,p.T552P,552,T,P,Conflicting
c.1654A>G,p.T552A,552,T,A,VUS
c.1655C>G,p.T552S,552,T,S,VUS
c.1655C>T,p.T552I,552,T,I,Conflicting
c.1657A>G,p.N553D,553,N,D,Conflicting
c.1657A>T,p.N553Y,553,N,Y,Conflicting
c.1658A>G,p.N553S,553,N,S,Conflicting
c.1659C>G,p.N553K,553,N,K,VUS
c.1660A>C,p.S554R,554,S,R,Conflicting
c.1660A>G,p.S554G,554,S,G,P
c.1660A>T,p.S554C,554,S,C,P
c.1661G>A,p.S554N,554,S,N,LP
c.1661G>C,p.S554T,554,S,T,P
c.1661G>T,p.S554I,554,S,I,LP
c.1662C>G,p.S554R,554,S,R,Conflicting
c.1663A>C,p.K555Q,555,K,Q,Conflicting
c.1667T>C,p.L556S,556,L,S,LP
c.1667T>G,p.L556W,556,L,W,LP
c.1668G>C,p.L556F,556,L,F,VUS
c.1668G>T,p.L556F,556,L,F,VUS
c.1669A>G,p.T557A,557,T,A,VUS
c.1669A>T,p.T557S,557,T,S,Conflicting
c.1670C>G,p.T557S,557,T,S,Conflicting
c.1670C>T,p.T557I,557,T,I,Conflicting
c.1672T>C,p.S558P,558,S,P,VUS
c.1673C>A,p.S558Y,558,S,Y,VUS
c.1673C>T,p.S558F,558,S,F,Conflicting
c.1676T>C,p.L559S,559,L,S,Conflicting
c.1677A>C,p.L559F,559,L,F,Conflicting
c.1678A>G,p.N560D,560,N,D,LB
c.1679A>G,p.N560S,560,N,S,VUS
c.1679A>T,p.N560I,560,N,I,Conflicting
c.1681G>A,p.E561K,561,E,K,Conflicting
c.1682_1685inv,p.E561_Glu562delinsValL,#VALUE!,E,L,VUS
c.1684G>C,p.E562Q,562,E,Q,Conflicting
c.1685A>T,p.E562V,562,E,V,Conflicting
c.1686G>C,p.E562D,562,E,D,Conflicting
c.1687T>A,p.Y563N,563,Y,N,VUS
c.1687T>C,p.Y563H,563,Y,H,VUS
c.1688A>G,p.Y563C,563,Y,C,Conflicting
c.1688A>T,p.Y563F,563,Y,F,VUS
c.1690A>G,p.T564A,564,T,A,B
c.1691C>A,p.T564N,564,T,N,Conflicting
c.1691C>G,p.T564S,564,T,S,Conflicting
c.1691C>T,p.T564I,564,T,I,VUS
c.1695A>C,p.K565N,565,K,N,Conflicting
c.1697A>G,p.N566S,566,N,S,VUS
c.1699A>G,p.K567E,567,K,E,LB
c.1700A>C,p.K567T,567,K,T,Conflicting
c.1702A>G,p.T568A,568,T,A,VUS
c.1703C>G,p.T568R,568,T,R,Conflicting
c.1703C>T,p.T568I,568,T,I,VUS
c.1705G>C,p.E569Q,569,E,Q,VUS
c.1706A>G,p.E569G,569,E,G,Conflicting
c.1708T>C,p.Y570H,570,Y,H,VUS
c.1709A>C,p.Y570S,570,Y,S,VUS
c.1709A>G,p.Y570C,570,Y,C,Conflicting
c.1709A>T,p.Y570F,570,Y,F,Conflicting
c.1711G>A,p.E571K,571,E,K,B
c.1711G>C,p.E571Q,571,E,Q,VUS
c.1712A>C,p.E571A,571,E,A,VUS
c.1712A>G,p.E571G,571,E,G,VUS
c.1714_1715delinsAT,p.E572I,572,E,I,VUS
c.1715A>C,p.E572A,572,E,A,Conflicting
c.1717G>A,p.A573T,573,A,T,Conflicting
c.1718C>T,p.A573V,573,A,V,LB
c.1721A>C,p.Q574P,574,Q,P,Conflicting
c.1721A>G,p.Q574R,574,Q,R,Conflicting
c.1722G>T,p.Q574H,574,Q,H,VUS
c.1724A>G,p.D575G,575,D,G,Conflicting
c.1725T>A,p.D575E,575,D,E,VUS
c.1726G>A,p.A576T,576,A,T,VUS
c.1726G>C,p.A576P,576,A,P,LB
c.1729A>C,p.I577L,577,I,L,VUS
c.1729A>G,p.I577V,577,I,V,Conflicting
c.1730T>C,p.I577T,577,I,T,LB
c.1732G>A,p.V578I,578,V,I,VUS
c.1735A>G,p.K579E,579,K,E,VUS
c.1738G>A,p.E580K,580,E,K,VUS
c.1739A>C,p.E580A,580,E,A,Conflicting
c.1741A>G,p.I581V,581,I,V,Conflicting
c.1744G>A,p.V582I,582,V,I,VUS
c.1744G>C,p.V582L,582,V,L,VUS
c.1745T>A,p.V582D,582,V,D,VUS
c.1745T>C,p.V582A,582,V,A,VUS
c.1748A>C,p.N583T,583,N,T,LB
c.1748A>G,p.N583S,583,N,S,Conflicting
c.1748A>T,p.N583I,583,N,I,Conflicting
c.1750A>G,p.I584V,584,I,V,LB
c.1751T>C,p.I584T,584,I,T,Conflicting
c.1754C>T,p.S585F,585,S,F,Conflicting
c.1757C>T,p.S586L,586,S,L,VUS
c.1759G>A,p.G587S,587,G,S,LP
c.1759G>C,p.G587R,587,G,R,P
c.1759G>T,p.G587C,587,G,C,P
c.1760G>C,p.G587A,587,G,A,VUS
c.1760G>T,p.G587V,587,G,V,VUS
c.1762T>G,p.Y588D,588,Y,D,VUS
c.1763A>G,p.Y588C,588,Y,C,Conflicting
c.1765G>A,p.V589I,589,V,I,Conflicting
c.1768G>A,p.E590K,590,E,K,VUS
c.1769A>G,p.E590G,590,E,G,VUS
c.1769A>T,p.E590V,590,E,V,VUS
c.1770A>C,p.E590D,590,E,D,Conflicting
c.1771C>A,p.P591T,591,P,T,Conflicting
c.1772C>T,p.P591L,591,P,L,Conflicting
c.1774A>G,p.M592V,592,M,V,Conflicting
c.1775T>C,p.M592T,592,M,T,VUS
c.1776G>A,p.M592I,592,M,I,VUS
c.1776G>T,p.M592I,592,M,I,VUS
c.1777C>G,p.Q593E,593,Q,E,Conflicting
c.1778A>G,p.Q593R,593,Q,R,VUS
c.1778A>T,p.Q593L,593,Q,L,VUS
c.1779G>C,p.Q593H,593,Q,H,VUS
c.1780A>G,p.T594A,594,T,A,LB
c.1781C>A,p.T594K,594,T,K,VUS
c.1781C>T,p.T594I,594,T,I,Conflicting
c.1783C>G,p.L595V,595,L,V,VUS
c.1783C>T,p.L595F,595,L,F,Conflicting
c.1784T>C,p.L595P,595,L,P,LP
c.1784T>G,p.L595R,595,L,R,P
c.1786A>C,p.N596H,596,N,H,Conflicting
c.1787A>G,p.N596S,596,N,S,Conflicting
c.1787A>T,p.N596I,596,N,I,VUS
c.1788T>A,p.N596K,596,N,K,VUS
c.1789G>A,p.D597N,597,D,N,Conflicting
c.1790A>C,p.D597A,597,D,A,Conflicting
c.1790A>G,p.D597G,597,D,G,Conflicting
c.1790A>T,p.D597V,597,D,V,VUS
c.1792G>A,p.V598M,598,V,M,Conflicting
c.1792G>C,p.V598L,598,V,L,Conflicting
c.1793T>C,p.V598A,598,V,A,VUS
c.1795T>G,p.L599V,599,L,V,Conflicting
c.1796T>C,p.L599S,599,L,S,Conflicting
c.1798G>A,p.A600T,600,A,T,LB
c.1798G>C,p.A600P,600,A,P,VUS
c.1798G>T,p.A600S,600,A,S,Conflicting
c.1799C>A,p.A600D,600,A,D,LP
c.1799C>G,p.A600G,600,A,G,Conflicting
c.1799C>T,p.A600V,600,A,V,LP
c.1802A>C,p.Q601P,601,Q,P,VUS
c.1802A>G,p.Q601R,601,Q,R,Conflicting
c.1803G>C,p.Q601H,601,Q,H,Conflicting
c.1803G>T,p.Q601H,601,Q,H,VUS
c.1804C>G,p.L602V,602,L,V,Conflicting
c.1805T>C,p.L602P,602,L,P,Conflicting
c.1807_1809delinsAAA,p.D603K,603,D,K,VUS
c.1807G>A,p.D603N,603,D,N,VUS
c.1807G>C,p.D603H,603,D,H,Conflicting
c.1807G>T,p.D603Y,603,D,Y,LP
c.1808A>C,p.D603A,603,D,A,Conflicting
c.1808A>G,p.D603G,603,D,G,LP
c.1808A>T,p.D603V,603,D,V,LP
c.1810G>A,p.A604T,604,A,T,Conflicting
c.1811C>G,p.A604G,604,A,G,VUS
c.1813G>A,p.V605I,605,V,I,Conflicting
c.1813G>C,p.V605L,605,V,L,Conflicting
c.1813G>T,p.V605F,605,V,F,Conflicting
c.1814T>C,p.V605A,605,V,A,Conflicting
c.1816G>A,p.V606I,606,V,I,LB
c.1817T>A,p.V606D,606,V,D,VUS
c.1817T>C,p.V606A,606,V,A,Conflicting
c.1817T>G,p.V606G,606,V,G,VUS
c.1819A>G,p.S607G,607,S,G,Conflicting
c.1819A>T,p.S607C,607,S,C,VUS
c.1820G>C,p.S607T,607,S,T,VUS
c.1822T>C,p.F608L,608,F,L,Conflicting
c.1825G>C,p.A609P,609,A,P,VUS
c.1825G>T,p.A609S,609,A,S,Conflicting
c.1826C>G,p.A609G,609,A,G,VUS
c.1826C>T,p.A609V,609,A,V,VUS
c.1828C>A,p.H610N,610,H,N,Conflicting
c.1828C>G,p.H610D,610,H,D,VUS
c.1828C>T,p.H610Y,610,H,Y,Conflicting
c.1829A>C,p.H610P,610,H,P,LP
c.1829A>G,p.H610R,610,H,R,VUS
c.1830C>A,p.H610Q,610,H,Q,Conflicting
c.1830C>G,p.H610Q,610,H,Q,Conflicting
c.1831G>A,p.V611M,611,V,M,VUS
c.1831G>C,p.V611L,611,V,L,Conflicting
c.1831G>T,p.V611L,611,V,L,Conflicting
c.1832T>A,p.V611E,611,V,E,Conflicting
c.1832T>C,p.V611A,611,V,A,LB
c.1832T>G,p.V611G,611,V,G,VUS
c.1837A>C,p.N613H,613,N,H,Conflicting
c.1837A>T,p.N613Y,613,N,Y,Conflicting
c.1838A>G,p.N613S,613,N,S,VUS
c.1838A>T,p.N613I,613,N,I,VUS
c.1840G>A,p.G614R,614,G,R,LB
c.1841G>A,p.G614E,614,G,E,Conflicting
c.1843G>A,p.A615T,615,A,T,Conflicting
c.1843G>C,p.A615P,615,A,P,Conflicting
c.1844C>T,p.A615V,615,A,V,Conflicting
c.1846C>A,p.P616T,616,P,T,Conflicting
c.1846C>G,p.P616A,616,P,A,VUS
c.1846C>T,p.P616S,616,P,S,Conflicting
c.1847C>A,p.P616H,616,P,H,VUS
c.1847C>G,p.P616R,616,P,R,Conflicting
c.1847C>T,p.P616L,616,P,L,LB
c.1849G>C,p.V617L,617,V,L,Conflicting
c.1850T>C,p.V617A,617,V,A,LB
c.1852C>G,p.P618A,618,P,A,VUS
c.1852C>T,p.P618S,618,P,S,VUS
c.1853C>T,p.P618L,618,P,L,VUS
c.1855T>C,p.Y619H,619,Y,H,LB
c.1856A>G,p.Y619C,619,Y,C,Conflicting
c.1858G>A,p.V620I,620,V,I,VUS
c.1859T>C,p.V620A,620,V,A,VUS
c.1861C>G,p.R621G,621,R,G,Conflicting
c.1862G>A,p.R621Q,621,R,Q,Conflicting
c.1862G>C,p.R621P,621,R,P,Conflicting
c.1862G>T,p.R621L,621,R,L,LP
c.1864C>A,p.P622T,622,P,T,LP
c.1864C>G,p.P622A,622,P,A,Conflicting
c.1865C>A,p.P622Q,622,P,Q,LP
c.1865C>G,p.P622R,622,P,R,LP
c.1865C>T,p.P622L,622,P,L,P
c.1867G>A,p.A623T,623,A,T,Conflicting
c.1867G>T,p.A623S,623,A,S,Conflicting
c.1868C>T,p.A623V,623,A,V,Conflicting
c.1870A>G,p.I624V,624,I,V,VUS
c.1871T>C,p.I624T,624,I,T,VUS
c.1871T>G,p.I624S,624,I,S,Conflicting
c.1876G>C,p.E626Q,626,E,Q,VUS
c.1879A>G,p.K627E,627,K,E,VUS
c.1880A>T,p.K627I,627,K,I,VUS
c.1881A>C,p.K627N,627,K,N,VUS
c.1882G>A,p.G628R,628,G,R,Conflicting
c.1882G>C,p.G628R,628,G,R,Conflicting
c.1883G>A,p.G628E,628,G,E,VUS
c.1883G>C,p.G628A,628,G,A,Conflicting
c.1883G>T,p.G628V,628,G,V,VUS
c.1885C>G,p.Q629E,629,Q,E,VUS
c.1886A>G,p.Q629R,629,Q,R,B
c.1888G>C,p.G630R,630,G,R,LB
c.1889G>T,p.G630V,630,G,V,VUS
c.1892G>A,p.R631K,631,R,K,Conflicting
c.1892G>T,p.R631I,631,R,I,B
c.1893A>T,p.R631S,631,R,S,Conflicting
c.1894A>G,p.I632V,632,I,V,Conflicting
c.1895T>G,p.I632S,632,I,S,LB
c.1897A>C,p.I633L,633,I,L,VUS
c.1897A>G,p.I633V,633,I,V,Conflicting
c.1897A>T,p.I633L,633,I,L,VUS
c.1898T>C,p.I633T,633,I,T,Conflicting
c.1899A>G,p.I633M,633,I,M,VUS
c.1905A>T,p.K635N,635,K,N,VUS
c.1906G>C,p.A636P,636,A,P,P
c.1907C>T,p.A636V,636,A,V,Conflicting
c.1909T>C,p.S637P,637,S,P,VUS
c.1910C>G,p.S637C,637,S,C,Conflicting
c.1912A>G,p.R638G,638,R,G,VUS
c.1913G>A,p.R638K,638,R,K,VUS
c.1914G>T,p.R638S,638,R,S,Conflicting
c.1915C>T,p.H639Y,639,H,Y,P
c.1916A>C,p.H639P,639,H,P,VUS
c.1916A>G,p.H639R,639,H,R,VUS
c.1917T>A,p.H639Q,639,H,Q,Conflicting
c.1918G>A,p.A640T,640,A,T,VUS
c.1918G>T,p.A640S,640,A,S,LB
c.1919C>G,p.A640G,640,A,G,VUS
c.1922G>A,p.C641Y,641,C,Y,Conflicting
c.1922G>C,p.C641S,641,C,S,VUS
c.1922G>T,p.C641F,641,C,F,VUS
c.1924G>A,p.V642I,642,V,I,Conflicting
c.1924G>C,p.V642L,642,V,L,VUS
c.1924G>T,p.V642F,642,V,F,VUS
c.1927G>A,p.E643K,643,E,K,Conflicting
c.1930G>A,p.V644I,644,V,I,LB
c.1933C>G,p.Q645E,645,Q,E,Conflicting
c.1934A>C,p.Q645P,645,Q,P,VUS
c.1935A>C,p.Q645H,645,Q,H,Conflicting
c.1936G>T,p.D646Y,646,D,Y,VUS
c.1937A>C,p.D646A,646,D,A,Conflicting
c.1937A>G,p.D646G,646,D,G,Conflicting
c.1937A>T,p.D646V,646,D,V,VUS
c.1938T>G,p.D646E,646,D,E,VUS
c.1939G>A,p.E647K,647,E,K,Conflicting
c.1939G>C,p.E647Q,647,E,Q,Conflicting
c.1942A>G,p.I648V,648,I,V,LB
c.1943T>A,p.I648N,648,I,N,Conflicting
c.1943T>C,p.I648T,648,I,T,Conflicting
c.1945G>A,p.A649T,649,A,T,Conflicting
c.1946C>A,p.A649E,649,A,E,VUS
c.1946C>T,p.A649V,649,A,V,Conflicting
c.1948T>C,p.F650L,650,F,L,Conflicting
c.1951A>C,p.I651L,651,I,L,VUS
c.1951A>G,p.I651V,651,I,V,Conflicting
c.1952T>C,p.I651T,651,I,T,VUS
c.1954C>A,p.P652T,652,P,T,VUS
c.1954C>G,p.P652A,652,P,A,VUS
c.1954C>T,p.P652S,652,P,S,VUS
c.1955C>A,p.P652H,652,P,H,LP
c.1955C>G,p.P652R,652,P,R,LB
c.1955C>T,p.P652L,652,P,L,VUS
c.1957A>C,p.N653H,653,N,H,VUS
c.1957A>T,p.N653Y,653,N,Y,VUS
c.1959T>A,p.N653K,653,N,K,VUS
c.1960G>A,p.D654N,654,D,N,LB
c.1961A>G,p.D654G,654,D,G,VUS
c.1961A>T,p.D654V,654,D,V,VUS
c.1962C>G,p.D654E,654,D,E,VUS
c.1963G>A,p.V655I,655,V,I,VUS
c.1966T>C,p.Y656H,656,Y,H,Conflicting
c.1967A>C,p.Y656S,656,Y,S,Conflicting
c.1967A>G,p.Y656C,656,Y,C,Conflicting
c.1969T>A,p.F657I,657,F,I,VUS
c.1969T>G,p.F657V,657,F,V,VUS
c.1970T>G,p.F657C,657,F,C,VUS
c.1971T>G,p.F657L,657,F,L,VUS
c.1972G>A,p.E658K,658,E,K,VUS
c.1972G>C,p.E658Q,658,E,Q,Conflicting
c.1973A>C,p.E658A,658,E,A,VUS
c.1973A>G,p.E658G,658,E,G,Conflicting
c.1975A>G,p.K659E,659,K,E,VUS
c.1977A>C,p.K659N,659,K,N,VUS
c.1979A>G,p.D660G,660,D,G,LP
c.1979A>T,p.D660V,660,D,V,VUS
c.1980T>A,p.D660E,660,D,E,VUS
c.1981A>G,p.K661E,661,K,E,Conflicting
c.1982A>G,p.K661R,661,K,R,VUS
c.1984C>G,p.Q662E,662,Q,E,Conflicting
c.1985A>C,p.Q662P,662,Q,P,VUS
c.1985A>G,p.Q662R,662,Q,R,LB
c.1986G>C,p.Q662H,662,Q,H,Conflicting
c.1986G>T,p.Q662H,662,Q,H,Conflicting
c.1987A>G,p.M663V,663,M,V,Conflicting
c.1987A>T,p.M663L,663,M,L,Conflicting
c.1989G>A,p.M663I,663,M,I,Conflicting
c.1992C>G,p.F664L,664,F,L,Conflicting
c.1993C>T,p.H665Y,665,H,Y,Conflicting
c.1994A>C,p.H665P,665,H,P,VUS
c.1995C>G,p.H665Q,665,H,Q,Conflicting
c.1996A>G,p.I666V,666,I,V,Conflicting
c.1997T>C,p.I666T,666,I,T,VUS
c.1999A>G,p.I667V,667,I,V,Conflicting
c.2000T>C,p.I667T,667,I,T,VUS
c.2001T>G,p.I667M,667,I,M,LB
c.2002A>C,p.T668P,668,T,P,VUS
c.2003C>G,p.T668S,668,T,S,VUS
c.2003C>T,p.T668I,668,T,I,VUS
c.2005G>C,p.G669R,669,G,R,VUS
c.2005G>T,p.G669C,669,G,C,Conflicting
c.2006_2007delinsTT,p.G669V,669,G,V,LP
c.2006G>A,p.G669D,669,G,D,Conflicting
c.2006G>C,p.G669A,669,G,A,VUS
c.2006G>T,p.G669V,669,G,V,P
c.2008C>A,p.P670T,670,P,T,VUS
c.2008C>T,p.P670S,670,P,S,VUS
c.2009C>A,p.P670H,670,P,H,Conflicting
c.2009C>G,p.P670R,670,P,R,LB
c.2009C>T,p.P670L,670,P,L,Conflicting
c.2011A>G,p.N671D,671,N,D,Conflicting
c.2011A>T,p.N671Y,671,N,Y,LP
c.2012A>G,p.N671S,671,N,S,Conflicting
c.2012A>T,p.N671I,671,N,I,LP
c.2013T>A,p.N671K,671,N,K,Conflicting
c.2014A>G,p.M672V,672,M,V,Conflicting
c.2015T>G,p.M672R,672,M,R,Conflicting
c.2017G>A,p.G673R,673,G,R,VUS
c.2018G>C,p.G673A,673,G,A,VUS
c.2018G>T,p.G673V,673,G,V,VUS
c.2020G>A,p.G674S,674,G,S,LP
c.2020G>C,p.G674R,674,G,R,LP
c.2021G>A,p.G674D,674,G,D,LP
c.2021G>T,p.G674V,674,G,V,LP
c.2023A>G,p.K675E,675,K,E,Conflicting
c.2026T>C,p.S676P,676,S,P,Conflicting
c.2027C>T,p.S676L,676,S,L,LP
c.2029A>G,p.T677A,677,T,A,Conflicting
c.202G>T,p.G68W,68,G,W,Conflicting
c.2030C>G,p.T677R,677,T,R,LP
c.2032T>C,p.Y678H,678,Y,H,Conflicting
c.2033A>G,p.Y678C,678,Y,C,VUS
c.2035A>T,p.I679F,679,I,F,VUS
c.2038C>G,p.R680G,680,R,G,Conflicting
c.2039G>A,p.R680Q,680,R,Q,VUS
c.2039G>C,p.R680P,680,R,P,LP
c.2039G>T,p.R680L,680,R,L,VUS
c.203G>A,p.G68E,68,G,E,Conflicting
c.203G>C,p.G68A,68,G,A,VUS
c.203G>T,p.G68V,68,G,V,VUS
c.2041C>G,p.Q681E,681,Q,E,Conflicting
c.2042A>C,p.Q681P,681,Q,P,Conflicting
c.2042A>T,p.Q681L,681,Q,L,VUS
c.2043A>C,p.Q681H,681,Q,H,Conflicting
c.2043A>T,p.Q681H,681,Q,H,Conflicting
c.2045C>G,p.T682S,682,T,S,Conflicting
c.2045C>T,p.T682I,682,T,I,Conflicting
c.2047G>A,p.G683R,683,G,R,P
c.2048G>A,p.G683E,683,G,E,Conflicting
c.2048G>T,p.G683V,683,G,V,Conflicting
c.2050G>T,p.V684L,684,V,L,VUS
c.2051T>C,p.V684A,684,V,A,VUS
c.2053A>G,p.I685V,685,I,V,Conflicting
c.2053A>T,p.I685L,685,I,L,VUS
c.2054T>C,p.I685T,685,I,T,VUS
c.2054T>G,p.I685R,685,I,R,LP
c.2055A>G,p.I685M,685,I,M,VUS
c.2056G>A,p.V686I,686,V,I,VUS
c.2056G>T,p.V686L,686,V,L,VUS
c.2057T>C,p.V686A,686,V,A,VUS
c.2060T>C,p.L687P,687,L,P,LP
c.2060T>G,p.L687R,687,L,R,LP
c.2062A>C,p.M688L,688,M,L,VUS
c.2062A>G,p.M688V,688,M,V,Conflicting
c.2063T>C,p.M688T,688,M,T,Conflicting
c.2063T>G,p.M688R,688,M,R,P
c.2064G>A,p.M688I,688,M,I,Conflicting
c.2065G>A,p.A689T,689,A,T,Conflicting
c.2065G>C,p.A689P,689,A,P,LP
c.2065G>T,p.A689S,689,A,S,Conflicting
c.2066C>A,p.A689D,689,A,D,Conflicting
c.2066C>T,p.A689V,689,A,V,VUS
c.2068C>A,p.Q690K,690,Q,K,Conflicting
c.2068C>G,p.Q690E,690,Q,E,VUS
c.206C>G,p.P69R,69,P,R,Conflicting
c.206C>T,p.P69L,69,P,L,VUS
c.2070A>C,p.Q690H,690,Q,H,VUS
c.2070A>T,p.Q690H,690,Q,H,Conflicting
c.2071A>G,p.I691V,691,I,V,Conflicting
c.2072T>C,p.I691T,691,I,T,Conflicting
c.2072T>G,p.I691S,691,I,S,VUS
c.2073T>G,p.I691M,691,I,M,Conflicting
c.2074G>A,p.G692R,692,G,R,LP
c.2074G>C,p.G692R,692,G,R,LP
c.2074G>T,p.G692W,692,G,W,LP
c.2075G>A,p.G692E,692,G,E,Conflicting
c.2075G>T,p.G692V,692,G,V,LP
c.2077T>C,p.C693R,693,C,R,VUS
c.2078G>A,p.C693Y,693,C,Y,LP
c.2079T>G,p.C693W,693,C,W,Conflicting
c.2080T>A,p.F694I,694,F,I,LP
c.2081T>C,p.F694S,694,F,S,LP
c.2083G>A,p.V695M,695,V,M,P
c.2083G>C,p.V695L,695,V,L,Conflicting
c.2083G>T,p.V695L,695,V,L,VUS
c.2084T>C,p.V695A,695,V,A,VUS
c.2086C>G,p.P696A,696,P,A,VUS
c.2086C>T,p.P696S,696,P,S,VUS
c.2087C>T,p.P696L,696,P,L,P
c.2089T>C,p.C697R,697,C,R,P
c.208G>A,p.A70T,70,A,T,Conflicting
c.208G>T,p.A70S,70,A,S,VUS
c.2090G>A,p.C697Y,697,C,Y,LP
c.2090G>C,p.C697S,697,C,S,Conflicting
c.2090G>T,p.C697F,697,C,F,P
c.2093A>G,p.E698G,698,E,G,Conflicting
c.2095T>A,p.S699T,699,S,T,Conflicting
c.2095T>C,p.S699P,699,S,P,Conflicting
c.2095T>G,p.S699A,699,S,A,VUS
c.2096C>T,p.S699L,699,S,L,VUS
c.2098_2100delinsAAG,p.A700K,700,A,K,VUS
c.2098G>A,p.A700T,700,A,T,VUS
c.2099C>A,p.A700E,700,A,E,LP
c.2099C>G,p.A700G,700,A,G,VUS
c.209C>T,p.A70V,70,A,V,Conflicting
c.2102A>C,p.E701A,701,E,A,Conflicting
c.2102A>G,p.E701G,701,E,G,VUS
c.2104G>A,p.V702M,702,V,M,Conflicting
c.2104G>T,p.V702L,702,V,L,Conflicting
c.2105T>A,p.V702E,702,V,E,Conflicting
c.2105T>G,p.V702G,702,V,G,VUS
c.2108C>A,p.S703Y,703,S,Y,VUS
c.2108C>G,p.S703C,703,S,C,Conflicting
c.2108C>T,p.S703F,703,S,F,VUS
c.210_211delinsCC,p.G71R,71,G,R,VUS
c.2110A>G,p.I704V,704,I,V,Conflicting
c.2111T>C,p.I704T,704,I,T,Conflicting
c.2113G>A,p.V705M,705,V,M,Conflicting
c.2113G>C,p.V705L,705,V,L,VUS
c.2114T>C,p.V705A,705,V,A,VUS
c.2117A>G,p.D706G,706,D,G,VUS
c.2118C>A,p.D706E,706,D,E,Conflicting
c.2119T>G,p.C707G,707,C,G,Conflicting
c.211G>C,p.G71R,71,G,R,LP
c.2120G>A,p.C707Y,707,C,Y,Conflicting
c.2120G>C,p.C707S,707,C,S,Conflicting
c.2122A>C,p.I708L,708,I,L,VUS
c.2122A>G,p.I708V,708,I,V,Conflicting
c.2123T>A,p.I708N,708,I,N,LP
c.2123T>C,p.I708T,708,I,T,Conflicting
c.2125T>G,p.L709V,709,L,V,VUS
c.2128G>A,p.A710T,710,A,T,VUS
c.2128G>C,p.A710P,710,A,P,VUS
c.2128G>T,p.A710S,710,A,S,VUS
c.2129C>G,p.A710G,710,A,G,Conflicting
c.2129C>T,p.A710V,710,A,V,VUS
c.212G>A,p.G71E,71,G,E,Conflicting
c.2131C>G,p.R711G,711,R,G,VUS
c.2132G>A,p.R711Q,711,R,Q,Conflicting
c.2132G>C,p.R711P,711,R,P,LP
c.2132G>T,p.R711L,711,R,L,Conflicting
c.2134G>A,p.V712I,712,V,I,Conflicting
c.2135T>C,p.V712A,712,V,A,VUS
c.2138G>A,p.G713E,713,G,E,Conflicting
c.2138G>T,p.G713V,713,G,V,Conflicting
c.2140G>A,p.A714T,714,A,T,VUS
c.2140G>T,p.A714S,714,A,S,VUS
c.2141C>T,p.A714V,714,A,V,Conflicting
c.2143G>C,p.G715R,715,G,R,VUS
c.2144G>A,p.G715D,715,G,D,Conflicting
c.2144G>C,p.G715A,715,G,A,VUS
c.2147A>G,p.D716G,716,D,G,VUS
c.2147A>T,p.D716V,716,D,V,VUS
c.2149A>G,p.S717G,717,S,G,LB
c.214G>A,p.A72T,72,A,T,Conflicting
c.214G>T,p.A72S,72,A,S,Conflicting
c.2150G>A,p.S717N,717,S,N,Conflicting
c.2150G>C,p.S717T,717,S,T,VUS
c.2152C>G,p.Q718E,718,Q,E,Conflicting
c.2153A>G,p.Q718R,718,Q,R,VUS
c.2154A>C,p.Q718H,718,Q,H,Conflicting
c.2154A>T,p.Q718H,718,Q,H,VUS
c.2156T>G,p.L719W,719,L,W,VUS
c.2157G>T,p.L719F,719,L,F,Conflicting
c.2158A>G,p.K720E,720,K,E,Conflicting
c.215C>A,p.A72E,72,A,E,VUS
c.215C>G,p.A72G,72,A,G,VUS
c.2161G>C,p.G721R,721,G,R,VUS
c.2162G>A,p.G721E,721,G,E,Conflicting
c.2164G>A,p.V722I,722,V,I,Conflicting
c.2164G>T,p.V722F,722,V,F,Conflicting
c.2165T>C,p.V722A,722,V,A,VUS
c.2168C>G,p.S723C,723,S,C,VUS
c.2168C>T,p.S723F,723,S,F,Conflicting
c.2170A>G,p.T724A,724,T,A,VUS
c.2171C>G,p.T724R,724,T,R,VUS
c.2171C>T,p.T724M,724,T,M,Conflicting
c.2173T>C,p.F725L,725,F,L,VUS
c.2176A>C,p.M726L,726,M,L,VUS
c.2176A>G,p.M726V,726,M,V,VUS
c.2176A>T,p.M726L,726,M,L,VUS
c.2177T>C,p.M726T,726,M,T,VUS
c.2178G>A,p.M726I,726,M,I,LB
c.2178G>C,p.M726I,726,M,I,Conflicting
c.2178G>T,p.M726I,726,M,I,LB
c.2179G>A,p.A727T,727,A,T,VUS
c.2179G>C,p.A727P,727,A,P,VUS
c.2179G>T,p.A727S,727,A,S,VUS
c.217A>G,p.K73E,73,K,E,Conflicting
c.2180C>G,p.A727G,727,A,G,VUS
c.2182G>A,p.E728K,728,E,K,VUS
c.2185A>G,p.M729V,729,M,V,VUS
c.2187G>A,p.M729I,729,M,I,Conflicting
c.218A>G,p.K73R,73,K,R,Conflicting
c.2190G>T,p.L730F,730,L,F,VUS
c.2192A>G,p.E731G,731,E,G,VUS
c.2193A>C,p.E731D,731,E,D,VUS
c.2194A>T,p.T732S,732,T,S,VUS
c.2195C>G,p.T732S,732,T,S,VUS
c.2195C>T,p.T732I,732,T,I,VUS
c.2197G>A,p.A733T,733,A,T,Conflicting
c.2198C>A,p.A733D,733,A,D,VUS
c.2201C>A,p.S734Y,734,S,Y,VUS
c.2201C>G,p.S734C,734,S,C,Conflicting
c.2201C>T,p.S734F,734,S,F,VUS
c.2203A>G,p.I735V,735,I,V,Conflicting
c.2204T>G,p.I735S,735,I,S,VUS
c.2206C>G,p.L736V,736,L,V,VUS
c.2206C>T,p.L736F,736,L,F,Conflicting
c.2207T>C,p.L736P,736,L,P,VUS
c.2207T>G,p.L736R,736,L,R,VUS
c.2209A>G,p.R737G,737,R,G,Conflicting
c.220A>C,p.N74H,74,N,H,Conflicting
c.2210G>A,p.R737K,737,R,K,LP
c.2210G>C,p.R737T,737,R,T,VUS
c.2211G>C,p.R737S,737,R,S,VUS
c.2212T>G,p.S738A,738,S,A,VUS
c.2215G>A,p.A739T,739,A,T,VUS
c.2215G>C,p.A739P,739,A,P,VUS
c.2218A>G,p.T740A,740,T,A,VUS
c.2219C>G,p.T740S,740,T,S,Conflicting
c.2219C>T,p.T740I,740,T,I,VUS
c.221A>C,p.N74T,74,N,T,VUS
c.221A>G,p.N74S,74,N,S,Conflicting
c.221A>T,p.N74I,74,N,I,VUS
c.2221A>C,p.K741Q,741,K,Q,Conflicting
c.2221A>G,p.K741E,741,K,E,VUS
c.2224G>A,p.D742N,742,D,N,Conflicting
c.2224G>T,p.D742Y,742,D,Y,VUS
c.2225A>T,p.D742V,742,D,V,Conflicting
c.2228_2229delinsTC,p.S743F,743,S,F,VUS
c.2228C>T,p.S743L,743,S,L,Conflicting
c.222T>A,p.N74K,74,N,K,Conflicting
c.2231T>C,p.L744S,744,L,S,VUS
c.2233A>G,p.I745V,745,I,V,VUS
c.2234T>C,p.I745T,745,I,T,VUS
c.2236A>G,p.I746V,746,I,V,Conflicting
c.2236A>T,p.I746F,746,I,F,VUS
c.2237T>A,p.I746N,746,I,N,VUS
c.2239A>G,p.I747V,747,I,V,Conflicting
c.223C>G,p.L75V,75,L,V,VUS
c.2240T>C,p.I747T,747,I,T,Conflicting
c.2241A>G,p.I747M,747,I,M,Conflicting
c.2242G>A,p.D748N,748,D,N,VUS
c.2242G>C,p.D748H,748,D,H,LP
c.2242G>T,p.D748Y,748,D,Y,LP
c.2243A>G,p.D748G,748,D,G,VUS
c.2243A>T,p.D748V,748,D,V,VUS
c.2245G>A,p.E749K,749,E,K,LP
c.2249T>C,p.L750S,750,L,S,VUS
c.2251G>A,p.G751R,751,G,R,P
c.2251G>C,p.G751R,751,G,R,LP
c.2252G>A,p.G751E,751,G,E,VUS
c.2255G>A,p.R752K,752,R,K,Conflicting
c.2258G>A,p.G753E,753,G,E,VUS
c.2260A>G,p.T754A,754,T,A,Conflicting
c.2260A>T,p.T754S,754,T,S,Conflicting
c.2261C>T,p.T754I,754,T,I,VUS
c.2263T>A,p.S755T,755,S,T,VUS
c.2264C>A,p.S755Y,755,S,Y,VUS
c.2264C>T,p.S755F,755,S,F,VUS
c.2266A>C,p.T756P,756,T,P,Conflicting
c.2266A>G,p.T756A,756,T,A,Conflicting
c.2266A>T,p.T756S,756,T,S,Conflicting
c.2267C>G,p.T756S,756,T,S,Conflicting
c.2269T>G,p.Y757D,757,Y,D,VUS
c.2270A>G,p.Y757C,757,Y,C,Conflicting
c.2270A>T,p.Y757F,757,Y,F,VUS
c.2272G>A,p.D758N,758,D,N,Conflicting
c.2272G>C,p.D758H,758,D,H,VUS
c.2272G>T,p.D758Y,758,D,Y,Conflicting
c.2275G>A,p.G759R,759,G,R,Conflicting
c.2276G>A,p.G759E,759,G,E,Conflicting
c.2276G>T,p.G759V,759,G,V,Conflicting
c.2278T>G,p.F760V,760,F,V,VUS
c.2279T>C,p.F760S,760,F,S,VUS
c.227A>C,p.Q76P,76,Q,P,Conflicting
c.227A>G,p.Q76R,76,Q,R,VUS
c.2280T>G,p.F760L,760,F,L,Conflicting
c.2281G>A,p.G761R,761,G,R,LP
c.2281G>C,p.G761R,761,G,R,LP
c.2282G>A,p.G761E,761,G,E,Conflicting
c.2282G>C,p.G761A,761,G,A,VUS
c.2282G>T,p.G761V,761,G,V,Conflicting
c.2285T>C,p.L762S,762,L,S,VUS
c.2287G>A,p.A763T,763,A,T,VUS
c.2287G>C,p.A763P,763,A,P,LP
c.2288C>T,p.A763V,763,A,V,Conflicting
c.228G>C,p.Q76H,76,Q,H,LB
c.228G>T,p.Q76H,76,Q,H,Conflicting
c.2290T>C,p.W764R,764,W,R,VUS
c.2290T>G,p.W764G,764,W,G,Conflicting
c.2292G>C,p.W764C,764,W,C,Conflicting
c.2293G>A,p.A765T,765,A,T,Conflicting
c.2293G>T,p.A765S,765,A,S,VUS
c.2294C>G,p.A765G,765,A,G,VUS
c.2294C>T,p.A765V,765,A,V,Conflicting
c.2296A>G,p.I766V,766,I,V,Conflicting
c.2298A>G,p.I766M,766,I,M,Conflicting
c.2299T>G,p.S767A,767,S,A,VUS
c.229A>G,p.S77G,77,S,G,VUS
c.2302G>C,p.E768Q,768,E,Q,VUS
c.2303A>G,p.E768G,768,E,G,VUS
c.2303A>T,p.E768V,768,E,V,Conflicting
c.2305T>C,p.Y769H,769,Y,H,VUS
c.2308A>G,p.I770V,770,I,V,Conflicting
c.2309T>C,p.I770T,770,I,T,Conflicting
c.230G>A,p.S77N,77,S,N,Conflicting
c.230G>T,p.S77I,77,S,I,Conflicting
c.2311G>A,p.A771T,771,A,T,VUS
c.2314A>G,p.T772A,772,T,A,VUS
c.2315C>A,p.T772K,772,T,K,VUS
c.2315C>G,p.T772R,772,T,R,Conflicting
c.2315C>T,p.T772I,772,T,I,VUS
c.2317A>G,p.K773E,773,K,E,LB
c.2318A>T,p.K773M,773,K,M,VUS
c.2319G>C,p.K773N,773,K,N,Conflicting
c.2319G>T,p.K773N,773,K,N,VUS
c.231T>A,p.S77R,77,S,R,VUS
c.231T>G,p.S77R,77,S,R,VUS
c.2320A>G,p.I774V,774,I,V,LP
c.2320A>T,p.I774F,774,I,F,Conflicting
c.2321T>C,p.I774T,774,I,T,Conflicting
c.2321T>G,p.I774S,774,I,S,VUS
c.2322T>G,p.I774M,774,I,M,VUS
c.2324G>A,p.G775D,775,G,D,VUS
c.2324G>T,p.G775V,775,G,V,VUS
c.2326G>A,p.A776T,776,A,T,Conflicting
c.2326G>C,p.A776P,776,A,P,VUS
c.232G>A,p.V78I,78,V,I,Conflicting
c.2333G>A,p.C778Y,778,C,Y,VUS
c.2334C>G,p.C778W,778,C,W,VUS
c.2335A>C,p.M779L,779,M,L,VUS
c.2335A>G,p.M779V,779,M,V,Conflicting
c.2335A>T,p.M779L,779,M,L,VUS
c.2337G>A,p.M779I,779,M,I,Conflicting
c.2338T>C,p.F780L,780,F,L,Conflicting
c.2338T>G,p.F780V,780,F,V,VUS
c.2339T>C,p.F780S,780,F,S,VUS
c.233T>C,p.V78A,78,V,A,VUS
c.2341G>A,p.A781T,781,A,T,VUS
c.2344A>G,p.T782A,782,T,A,VUS
c.2345C>T,p.T782I,782,T,I,VUS
c.2347C>G,p.H783D,783,H,D,VUS
c.2347C>T,p.H783Y,783,H,Y,VUS
c.2348A>G,p.H783R,783,H,R,VUS
c.2350T>C,p.F784L,784,F,L,Conflicting
c.2351T>G,p.F784C,784,F,C,VUS
c.2352T>G,p.F784L,784,F,L,VUS
c.2353C>T,p.H785Y,785,H,Y,VUS
c.2354A>C,p.H785P,785,H,P,Conflicting
c.2354A>G,p.H785R,785,H,R,Conflicting
c.2359C>G,p.L787V,787,L,V,VUS
c.235G>A,p.V79M,79,V,M,VUS
c.2360T>G,p.L787R,787,L,R,LP
c.2362A>C,p.T788P,788,T,P,Conflicting
c.2363C>G,p.T788S,788,T,S,VUS
c.2365G>A,p.A789T,789,A,T,Conflicting
c.2365G>T,p.A789S,789,A,S,Conflicting
c.2366C>A,p.A789D,789,A,D,VUS
c.2366C>G,p.A789G,789,A,G,Conflicting
c.2366C>T,p.A789V,789,A,V,VUS
c.236T>G,p.V79G,79,V,G,VUS
c.2371G>A,p.A791T,791,A,T,VUS
c.2371G>C,p.A791P,791,A,P,VUS
c.2371G>T,p.A791S,791,A,S,VUS
c.2372C>T,p.A791V,791,A,V,VUS
c.2374A>T,p.N792Y,792,N,Y,VUS
c.2375A>G,p.N792S,792,N,S,Conflicting
c.2375A>T,p.N792I,792,N,I,VUS
c.2376T>A,p.N792K,792,N,K,Conflicting
c.2377C>A,p.Q793K,793,Q,K,Conflicting
c.2377C>G,p.Q793E,793,Q,E,Conflicting
c.2378A>C,p.Q793P,793,Q,P,VUS
c.2378A>G,p.Q793R,793,Q,R,VUS
c.2379G>C,p.Q793H,793,Q,H,Conflicting
c.2379G>T,p.Q793H,793,Q,H,Conflicting
c.237_238delinsAG,p.L80V,80,L,V,VUS
c.2380A>C,p.I794L,794,I,L,Conflicting
c.2380A>T,p.I794L,794,I,L,Conflicting
c.2381T>A,p.I794K,794,I,K,Conflicting
c.2383C>A,p.P795T,795,P,T,Conflicting
c.2383C>T,p.P795S,795,P,S,LB
c.2384C>A,p.P795Q,795,P,Q,VUS
c.2386A>C,p.T796P,796,T,P,VUS
c.2386A>G,p.T796A,796,T,A,Conflicting
c.2386A>T,p.T796S,796,T,S,VUS
c.2387C>A,p.T796N,796,T,N,VUS
c.2387C>G,p.T796S,796,T,S,Conflicting
c.2387C>T,p.T796I,796,T,I,Conflicting
c.238C>G,p.L80V,80,L,V,VUS
c.2392A>G,p.N798D,798,N,D,Conflicting
c.2393A>C,p.N798T,798,N,T,VUS
c.2393A>G,p.N798S,798,N,S,Conflicting
c.2394T>A,p.N798K,798,N,K,VUS
c.2394T>G,p.N798K,798,N,K,LB
c.2396A>G,p.N799S,799,N,S,VUS
c.2397T>A,p.N799K,799,N,K,VUS
c.2398C>G,p.L800V,800,L,V,LB
c.2399T>C,p.L800P,800,L,P,Conflicting
c.239T>C,p.L80P,80,L,P,Conflicting
c.2401C>T,p.H801Y,801,H,Y,Conflicting
c.2402A>C,p.H801P,801,H,P,LP
c.2402A>G,p.H801R,801,H,R,Conflicting
c.2402A>T,p.H801L,801,H,L,VUS
c.2404G>T,p.V802F,802,V,F,VUS
c.2407A>G,p.T803A,803,T,A,Conflicting
c.2408C>T,p.T803I,803,T,I,VUS
c.2410G>A,p.A804T,804,A,T,VUS
c.2410G>T,p.A804S,804,A,S,VUS
c.2411C>T,p.A804V,804,A,V,VUS
c.2413C>G,p.L805V,805,L,V,VUS
c.2413C>T,p.L805F,805,L,F,Conflicting
c.2414T>G,p.L805R,805,L,R,VUS
c.2417C>G,p.T806S,806,T,S,Conflicting
c.2417C>T,p.T806I,806,T,I,Conflicting
c.2419A>G,p.T807A,807,T,A,VUS
c.2419A>T,p.T807S,807,T,S,Conflicting
c.2420C>A,p.T807N,807,T,N,VUS
c.2420C>G,p.T807S,807,T,S,Conflicting
c.2420C>T,p.T807I,807,T,I,VUS
c.2425G>A,p.E809K,809,E,K,Conflicting
c.2426A>C,p.E809A,809,E,A,VUS
c.2426A>G,p.E809G,809,E,G,Conflicting
c.2427G>C,p.E809D,809,E,D,VUS
c.2427G>T,p.E809D,809,E,D,VUS
c.2429C>A,p.T810N,810,T,N,VUS
c.2429C>T,p.T810I,810,T,I,VUS
c.242G>A,p.S81N,81,S,N,Conflicting
c.242G>C,p.S81T,81,S,T,Conflicting
c.242G>T,p.S81I,81,S,I,Conflicting
c.2431T>G,p.L811V,811,L,V,VUS
c.2434A>C,p.T812P,812,T,P,VUS
c.2434A>T,p.T812S,812,T,S,VUS
c.2435C>G,p.T812S,812,T,S,Conflicting
c.2435C>T,p.T812I,812,T,I,VUS
c.2437A>G,p.M813V,813,M,V,VUS
c.2439G>A,p.M813I,813,M,I,Conflicting
c.2439G>C,p.M813I,813,M,I,Conflicting
c.2439G>T,p.M813I,813,M,I,VUS
c.2440C>A,p.L814I,814,L,I,VUS
c.2443T>C,p.Y815H,815,Y,H,VUS
c.2444A>G,p.Y815C,815,Y,C,VUS
c.2444A>T,p.Y815F,815,Y,F,VUS
c.2446C>G,p.Q816E,816,Q,E,VUS
c.2447A>G,p.Q816R,816,Q,R,Conflicting
c.2449G>A,p.V817M,817,V,M,Conflicting
c.2450T>C,p.V817A,817,V,A,VUS
c.2450T>G,p.V817G,817,V,G,VUS
c.2453A>C,p.K818T,818,K,T,VUS
c.2453A>G,p.K818R,818,K,R,VUS
c.2455A>G,p.K819E,819,K,E,VUS
c.2458G>A,p.G820S,820,G,S,VUS
c.2458G>C,p.G820R,820,G,R,VUS
c.2458G>T,p.G820C,820,G,C,VUS
c.2459G>A,p.G820D,820,G,D,Conflicting
c.2459G>C,p.G820A,820,G,A,VUS
c.245A>C,p.K82T,82,K,T,VUS
c.245A>G,p.K82R,82,K,R,VUS
c.2461G>A,p.V821I,821,V,I,Conflicting
c.2461G>C,p.V821L,821,V,L,VUS
c.2462T>C,p.V821A,821,V,A,Conflicting
c.2465G>A,p.C822Y,822,C,Y,VUS
c.2465G>C,p.C822S,822,C,S,LB
c.2466T>G,p.C822W,822,C,W,VUS
c.2467G>A,p.D823N,823,D,N,VUS
c.2468A>T,p.D823V,823,D,V,VUS
c.2469T>A,p.D823E,823,D,E,Conflicting
c.2469T>G,p.D823E,823,D,E,VUS
c.246A>T,p.K82N,82,K,N,Conflicting
c.2470C>G,p.Q824E,824,Q,E,VUS
c.2471A>G,p.Q824R,824,Q,R,VUS
c.2473A>G,p.S825G,825,S,G,VUS
c.2478T>G,p.F826L,826,F,L,VUS
c.2479G>A,p.G827R,827,G,R,VUS
c.2479G>C,p.G827R,827,G,R,VUS
c.247A>C,p.M83L,83,M,L,Conflicting
c.247A>G,p.M83V,83,M,V,Conflicting
c.2480G>A,p.G827E,827,G,E,VUS
c.2482A>G,p.I828V,828,I,V,Conflicting
c.2483T>G,p.I828S,828,I,S,Conflicting
c.2486A>G,p.H829R,829,H,R,VUS
c.2486A>T,p.H829L,829,H,L,VUS
c.2487T>G,p.H829Q,829,H,Q,Conflicting
c.2489T>C,p.V830A,830,V,A,VUS
c.248T>C,p.M83T,83,M,T,Conflicting
c.2491G>C,p.A831P,831,A,P,VUS
c.2491G>T,p.A831S,831,A,S,Conflicting
c.2492C>T,p.A831V,831,A,V,Conflicting
c.2494G>A,p.E832K,832,E,K,VUS
c.2495A>T,p.E832V,832,E,V,VUS
c.2496G>T,p.E832D,832,E,D,Conflicting
c.2497C>G,p.L833V,833,L,V,Conflicting
c.2497C>T,p.L833F,833,L,F,Conflicting
c.2498T>A,p.L833H,833,L,H,VUS
c.249G>A,p.M83I,83,M,I,VUS
c.249G>C,p.M83I,83,M,I,VUS
c.249G>T,p.M83I,83,M,I,VUS
c.2500G>A,p.A834T,834,A,T,LB
c.2501C>G,p.A834G,834,A,G,VUS
c.2503A>C,p.N835H,835,N,H,Conflicting
c.2503A>G,p.N835D,835,N,D,Conflicting
c.2504A>G,p.N835S,835,N,S,Conflicting
c.2504A>T,p.N835I,835,N,I,Conflicting
c.2506T>A,p.F836I,836,F,I,Conflicting
c.2507T>C,p.F836S,836,F,S,VUS
c.2508C>G,p.F836L,836,F,L,VUS
c.2509C>T,p.P837S,837,P,S,Conflicting
c.250A>C,p.N84H,84,N,H,VUS
c.250A>T,p.N84Y,84,N,Y,Conflicting
c.2510C>G,p.P837R,837,P,R,VUS
c.2510C>T,p.P837L,837,P,L,VUS
c.2513A>C,p.K838T,838,K,T,VUS
c.2515C>A,p.H839N,839,H,N,VUS
c.2515C>G,p.H839D,839,H,D,Conflicting
c.2515C>T,p.H839Y,839,H,Y,VUS
c.2516A>C,p.H839P,839,H,P,VUS
c.2516A>G,p.H839R,839,H,R,Conflicting
c.2516A>T,p.H839L,839,H,L,Conflicting
c.2517T>A,p.H839Q,839,H,Q,Conflicting
c.2518G>A,p.V840I,840,V,I,Conflicting
c.2519T>C,p.V840A,840,V,A,Conflicting
c.251A>C,p.N84T,84,N,T,VUS
c.251A>G,p.N84S,84,N,S,Conflicting
c.251A>T,p.N84I,84,N,I,VUS
c.2521A>C,p.I841L,841,I,L,Conflicting
c.2521A>G,p.I841V,841,I,V,VUS
c.2522T>C,p.I841T,841,I,T,Conflicting
c.2523A>G,p.I841M,841,I,M,VUS
c.2524G>A,p.E842K,842,E,K,VUS
c.2525A>G,p.E842G,842,E,G,Conflicting
c.2525A>T,p.E842V,842,E,V,Conflicting
c.2527T>C,p.C843R,843,C,R,Conflicting
c.2527T>G,p.C843G,843,C,G,Conflicting
c.2528G>A,p.C843Y,843,C,Y,Conflicting
c.2528G>C,p.C843S,843,C,S,Conflicting
c.2533A>G,p.K845E,845,K,E,Conflicting
c.2535A>T,p.K845N,845,K,N,VUS
c.2537A>G,p.Q846R,846,Q,R,Conflicting
c.253T>C,p.F85L,85,F,L,VUS
c.2542G>A,p.A848T,848,A,T,Conflicting
c.2542G>T,p.A848S,848,A,S,Conflicting
c.2543C>T,p.A848V,848,A,V,VUS
c.2545C>G,p.L849V,849,L,V,Conflicting
c.2546T>A,p.L849Q,849,L,Q,VUS
c.2546T>G,p.L849R,849,L,R,Conflicting
c.2549A>G,p.E850G,850,E,G,Conflicting
c.254T>C,p.F85S,85,F,S,VUS
c.2551C>A,p.L851I,851,L,I,Conflicting
c.2551C>G,p.L851V,851,L,V,VUS
c.2551C>T,p.L851F,851,L,F,VUS
c.2554G>A,p.E852K,852,E,K,VUS
c.2554G>C,p.E852Q,852,E,Q,Conflicting
c.2556G>C,p.E852D,852,E,D,Conflicting
c.2557G>A,p.E853K,853,E,K,VUS
c.2558A>C,p.E853A,853,E,A,Conflicting
c.2558A>G,p.E853G,853,E,G,Conflicting
c.255T>G,p.F85L,85,F,L,VUS
c.2563C>G,p.Q855E,855,Q,E,VUS
c.2564A>G,p.Q855R,855,Q,R,Conflicting
c.2565G>T,p.Q855H,855,Q,H,LB
c.2566T>C,p.Y856H,856,Y,H,VUS
c.2567A>G,p.Y856C,856,Y,C,Conflicting
c.2567A>T,p.Y856F,856,Y,F,VUS
c.2569A>G,p.I857V,857,I,V,Conflicting
c.2570T>C,p.I857T,857,I,T,Conflicting
c.2571T>G,p.I857M,857,I,M,Conflicting
c.2572G>A,p.G858R,858,G,R,Conflicting
c.2575G>A,p.E859K,859,E,K,Conflicting
c.2576A>C,p.E859A,859,E,A,VUS
c.2576A>G,p.E859G,859,E,G,VUS
c.2578T>A,p.S860T,860,S,T,VUS
c.2579C>T,p.S860L,860,S,L,LB
c.257A>G,p.E86G,86,E,G,VUS
c.2581C>A,p.Q861K,861,Q,K,VUS
c.2581C>G,p.Q861E,861,Q,E,VUS
c.2582A>C,p.Q861P,861,Q,P,VUS
c.2582A>G,p.Q861R,861,Q,R,Conflicting
c.2582A>T,p.Q861L,861,Q,L,Conflicting
c.2584G>A,p.G862R,862,G,R,VUS
c.2585G>A,p.G862E,862,G,E,Conflicting
c.2585G>T,p.G862V,862,G,V,VUS
c.2587T>C,p.Y863H,863,Y,H,Conflicting
c.2587T>G,p.Y863D,863,Y,D,LB
c.2588A>G,p.Y863C,863,Y,C,Conflicting
c.2590G>A,p.D864N,864,D,N,VUS
c.2590G>T,p.D864Y,864,D,Y,LB
c.2591A>C,p.D864A,864,D,A,VUS
c.2591A>G,p.D864G,864,D,G,Conflicting
c.2591A>T,p.D864V,864,D,V,VUS
c.2593A>G,p.I865V,865,I,V,Conflicting
c.2594T>A,p.I865N,865,I,N,VUS
c.2594T>C,p.I865T,865,I,T,Conflicting
c.2595C>G,p.I865M,865,I,M,VUS
c.2596A>G,p.M866V,866,M,V,LB
c.2596A>T,p.M866L,866,M,L,Conflicting
c.2598G>A,p.M866I,866,M,I,VUS
c.259T>C,p.S87P,87,S,P,VUS
c.2600A>C,p.E867A,867,E,A,VUS
c.2600A>G,p.E867G,867,E,G,VUS
c.2600A>T,p.E867V,867,E,V,VUS
c.2601A>C,p.E867D,867,E,D,VUS
c.2602C>G,p.P868A,868,P,A,VUS
c.2603C>T,p.P868L,868,P,L,Conflicting
c.2605G>A,p.A869T,869,A,T,VUS
c.2605G>T,p.A869S,869,A,S,VUS
c.2606C>A,p.A869E,869,A,E,Conflicting
c.2606C>G,p.A869G,869,A,G,Conflicting
c.2606C>T,p.A869V,869,A,V,Conflicting
c.2608_2609delinsTT,p.A870L,870,A,L,VUS
c.2608G>T,p.A870S,870,A,S,VUS
c.2609C>T,p.A870V,870,A,V,Conflicting
c.260C>A,p.S87Y,87,S,Y,Conflicting
c.260C>G,p.S87C,87,S,C,Conflicting
c.260C>T,p.S87F,87,S,F,Conflicting
c.2611A>G,p.K871E,871,K,E,VUS
c.2612A>G,p.K871R,871,K,R,VUS
c.2613G>T,p.K871N,871,K,N,Conflicting
c.2614A>C,p.K872Q,872,K,Q,VUS
c.2615A>C,p.K872T,872,K,T,VUS
c.2615A>G,p.K872R,872,K,R,Conflicting
c.2617T>C,p.C873R,873,C,R,VUS
c.2618G>C,p.C873S,873,C,S,VUS
c.2619C>G,p.C873W,873,C,W,VUS
c.2620T>C,p.Y874H,874,Y,H,Conflicting
c.2620T>G,p.Y874D,874,Y,D,VUS
c.2621A>G,p.Y874C,874,Y,C,Conflicting
c.2623C>G,p.L875V,875,L,V,VUS
c.2624T>G,p.L875R,875,L,R,VUS
c.2627A>G,p.E876G,876,E,G,VUS
c.2628A>C,p.E876D,876,E,D,Conflicting
c.2628A>T,p.E876D,876,E,D,VUS
c.2630G>A,p.R877K,877,R,K,Conflicting
c.2632G>A,p.E878K,878,E,K,VUS
c.2632G>C,p.E878Q,878,E,Q,Conflicting
c.2633A>G,p.E878G,878,E,G,VUS
c.2633A>T,p.E878V,878,E,V,VUS
c.2634G>C,p.E878D,878,E,D,VUS
c.2635C>A,p.Q879K,879,Q,K,VUS
c.2636A>C,p.Q879P,879,Q,P,Conflicting
c.2639G>C,p.G880A,880,G,A,VUS
c.263T>C,p.F88S,88,F,S,Conflicting
c.2641G>A,p.E881K,881,E,K,VUS
c.2641G>C,p.E881Q,881,E,Q,Conflicting
c.2645A>C,p.K882T,882,K,T,Conflicting
c.2646A>C,p.K882N,882,K,N,VUS
c.2646A>T,p.K882N,882,K,N,LB
c.2647A>G,p.I883V,883,I,V,VUS
c.2648T>C,p.I883T,883,I,T,VUS
c.2649T>G,p.I883M,883,I,M,Conflicting
c.2650A>G,p.I884V,884,I,V,VUS
c.2650A>T,p.I884F,884,I,F,Conflicting
c.2651T>C,p.I884T,884,I,T,Conflicting
c.2653C>G,p.Q885E,885,Q,E,VUS
c.2654A>G,p.Q885R,885,Q,R,Conflicting
c.2655G>C,p.Q885H,885,Q,H,VUS
c.2655G>T,p.Q885H,885,Q,H,VUS
c.2656G>A,p.E886K,886,E,K,Conflicting
c.2657A>G,p.E886G,886,E,G,VUS
c.2657A>T,p.E886V,886,E,V,LB
c.265G>A,p.V89I,89,V,I,VUS
c.265G>C,p.V89L,89,V,L,Conflicting
c.2661C>A,p.F887L,887,F,L,VUS
c.2661C>G,p.F887L,887,F,L,Conflicting
c.2662C>A,p.L888M,888,L,M,VUS
c.2662C>G,p.L888V,888,L,V,VUS
c.2663T>C,p.L888P,888,L,P,VUS
c.2666C>T,p.S889F,889,S,F,VUS
c.2668A>G,p.K890E,890,K,E,VUS
c.2669A>G,p.K890R,890,K,R,VUS
c.266T>C,p.V89A,89,V,A,Conflicting
c.266T>G,p.V89G,89,V,G,VUS
c.2672T>G,p.V891G,891,V,G,VUS
c.2680A>C,p.M894L,894,M,L,VUS
c.2680A>T,p.M894L,894,M,L,Conflicting
c.2681T>C,p.M894T,894,M,T,Conflicting
c.2681T>G,p.M894R,894,M,R,LB
c.2682G>A,p.M894I,894,M,I,VUS
c.2683C>T,p.P895S,895,P,S,LB
c.2684C>A,p.P895H,895,P,H,VUS
c.2684C>G,p.P895R,895,P,R,Conflicting
c.2684C>T,p.P895L,895,P,L,Conflicting
c.2686T>G,p.F896V,896,F,V,Conflicting
c.2687T>C,p.F896S,896,F,S,VUS
c.2688T>A,p.F896L,896,F,L,VUS
c.268A>G,p.K90E,90,K,E,VUS
c.2690C>G,p.T897S,897,T,S,Conflicting
c.2693A>C,p.E898A,898,E,A,Conflicting
c.2694A>C,p.E898D,898,E,D,Conflicting
c.2696T>C,p.M899T,899,M,T,VUS
c.2697G>T,p.M899I,899,M,I,Conflicting
c.2698T>A,p.S900T,900,S,T,VUS
c.269A>G,p.K90R,90,K,R,Conflicting
c.2701G>C,p.E901Q,901,E,Q,VUS
c.2704G>A,p.E902K,902,E,K,VUS
c.2705A>G,p.E902G,902,E,G,VUS
c.2706A>C,p.E902D,902,E,D,VUS
c.2707A>T,p.N903Y,903,N,Y,Conflicting
c.2708A>G,p.N903S,903,N,S,Conflicting
c.2708A>T,p.N903I,903,N,I,VUS
c.2710A>G,p.I904V,904,I,V,Conflicting
c.2710A>T,p.I904F,904,I,F,VUS
c.2711T>A,p.I904N,904,I,N,VUS
c.2713A>C,p.T905P,905,T,P,LB
c.2714C>A,p.T905K,905,T,K,VUS
c.2714C>G,p.T905R,905,T,R,LB
c.2714C>T,p.T905I,905,T,I,Conflicting
c.2716A>G,p.I906V,906,I,V,VUS
c.2717T>C,p.I906T,906,I,T,Conflicting
c.2717T>G,p.I906R,906,I,R,Conflicting
c.2718A>G,p.I906M,906,I,M,Conflicting
c.271G>A,p.D91N,91,D,N,VUS
c.271G>C,p.D91H,91,D,H,LB
c.271G>T,p.D91Y,91,D,Y,VUS
c.2720A>G,p.K907R,907,K,R,VUS
c.2721G>T,p.K907N,907,K,N,Conflicting
c.2722T>A,p.L908I,908,L,I,VUS
c.2725A>C,p.K909Q,909,K,Q,Conflicting
c.2725A>G,p.K909E,909,K,E,VUS
c.2726A>G,p.K909R,909,K,R,Conflicting
c.2726A>T,p.K909I,909,K,I,Conflicting
c.2728C>A,p.Q910K,910,Q,K,Conflicting
c.2728C>G,p.Q910E,910,Q,E,Conflicting
c.2729A>G,p.Q910R,910,Q,R,VUS
c.272A>G,p.D91G,91,D,G,VUS
c.272A>T,p.D91V,91,D,V,Conflicting
c.2732T>C,p.L911P,911,L,P,VUS
c.2732T>G,p.L911R,911,L,R,Conflicting
c.2734A>C,p.K912Q,912,K,Q,Conflicting
c.2734A>G,p.K912E,912,K,E,VUS
c.2737G>T,p.A913S,913,A,S,VUS
c.2738C>G,p.A913G,913,A,G,Conflicting
c.2738C>T,p.A913V,913,A,V,VUS
c.273T>A,p.D91E,91,D,E,VUS
c.2741A>G,p.E914G,914,E,G,VUS
c.2743G>C,p.V915L,915,V,L,VUS
c.2743G>T,p.V915L,915,V,L,VUS
c.2744T>C,p.V915A,915,V,A,Conflicting
c.2746A>C,p.I916L,916,I,L,Conflicting
c.2746A>G,p.I916V,916,I,V,Conflicting
c.2746A>T,p.I916L,916,I,L,VUS
c.2747T>A,p.I916K,916,I,K,VUS
c.2748A>G,p.I916M,916,I,M,VUS
c.2749G>A,p.A917T,917,A,T,Conflicting
c.274C>A,p.L92I,92,L,I,VUS
c.274C>G,p.L92V,92,L,V,Conflicting
c.274C>T,p.L92F,92,L,F,VUS
c.2754G>C,p.K918N,918,K,N,VUS
c.2754G>T,p.K918N,918,K,N,VUS
c.2755A>G,p.N919D,919,N,D,Conflicting
c.2756A>C,p.N919T,919,N,T,VUS
c.2756A>G,p.N919S,919,N,S,Conflicting
c.2756A>T,p.N919I,919,N,I,VUS
c.2758A>G,p.N920D,920,N,D,VUS
c.2759A>G,p.N920S,920,N,S,Conflicting
c.275T>A,p.L92H,92,L,H,Conflicting
c.275T>C,p.L92P,92,L,P,VUS
c.2762G>A,p.S921N,921,S,N,VUS
c.2765T>C,p.F922S,922,F,S,VUS
c.2766_2767inv,p.V923I,923,V,I,Conflicting
c.2766T>G,p.F922L,922,F,L,Conflicting
c.2767G>A,p.V923I,923,V,I,Conflicting
c.2767G>C,p.V923L,923,V,L,LB
c.2768T>A,p.V923E,923,V,E,VUS
c.2768T>C,p.V923A,923,V,A,VUS
c.2771A>G,p.N924S,924,N,S,Conflicting
c.2776A>C,p.I926L,926,I,L,VUS
c.2776A>G,p.I926V,926,I,V,Conflicting
c.2777T>A,p.I926N,926,I,N,Conflicting
c.2777T>C,p.I926T,926,I,T,VUS
c.2778C>G,p.I926M,926,I,M,VUS
c.2779A>C,p.I927L,927,I,L,VUS
c.2779A>G,p.I927V,927,I,V,Conflicting
c.277C>G,p.L93V,93,L,V,VUS
c.277C>T,p.L93F,93,L,F,LP
c.2780T>C,p.I927T,927,I,T,VUS
c.2781T>G,p.I927M,927,I,M,VUS
c.2782T>C,p.S928P,928,S,P,VUS
c.2782T>G,p.S928A,928,S,A,VUS
c.2786G>A,p.R929Q,929,R,Q,Conflicting
c.2786G>C,p.R929P,929,R,P,VUS
c.2786G>T,p.R929L,929,R,L,Conflicting
c.2789T>A,p.I930K,930,I,K,LB
c.2789T>C,p.I930T,930,I,T,VUS
c.2790A>G,p.I930M,930,I,M,Conflicting
c.2791A>G,p.K931E,931,K,E,Conflicting
c.2792A>G,p.K931R,931,K,R,VUS
c.2792A>T,p.K931I,931,K,I,VUS
c.2794G>A,p.V932I,932,V,I,Conflicting
c.2795T>G,p.V932G,932,V,G,VUS
c.2797A>G,p.T933A,933,T,A,VUS
c.2797A>T,p.T933S,933,T,S,VUS
c.2798C>G,p.T933S,933,T,S,Conflicting
c.2798C>T,p.T933I,933,T,I,Conflicting
c.2800A>G,p.T934A,934,T,A,LB
c.2800A>T,p.T934S,934,T,S,VUS
c.2801C>A,p.T934K,934,T,K,Conflicting
c.2801C>T,p.T934M,934,T,M,Conflicting
c.280C>G,p.L94V,94,L,V,Conflicting
c.281T>C,p.L94P,94,L,P,Conflicting
c.281T>G,p.L94R,94,L,R,VUS
c.283G>A,p.V95I,95,V,I,Conflicting
c.283G>C,p.V95L,95,V,L,LB
c.284T>C,p.V95A,95,V,A,VUS
c.286C>T,p.R96C,96,R,C,Conflicting
c.287G>A,p.R96H,96,R,H,LB
c.287G>T,p.R96L,96,R,L,VUS
c.289C>A,p.Q97K,97,Q,K,VUS
c.289C>G,p.Q97E,97,Q,E,Conflicting
c.290A>C,p.Q97P,97,Q,P,VUS
c.290A>G,p.Q97R,97,Q,R,VUS
c.291G>T,p.Q97H,97,Q,H,VUS
c.292T>G,p.Y98D,98,Y,D,VUS
c.293A>G,p.Y98C,98,Y,C,Conflicting
c.293A>T,p.Y98F,98,Y,F,VUS
c.296G>A,p.R99K,99,R,K,VUS
c.296G>T,p.R99I,99,R,I,LB
c.297A>C,p.R99S,99,R,S,VUS
c.297A>T,p.R99S,99,R,S,Conflicting
c.298G>A,p.V100I,100,V,I,VUS
c.298G>T,p.V100F,100,V,F,VUS
c.299T>C,p.V100A,100,V,A,VUS
c.301G>A,p.E101K,101,E,K,VUS
c.301G>C,p.E101Q,101,E,Q,VUS
c.302A>G,p.E101G,101,E,G,Conflicting
c.304G>A,p.V102I,102,V,I,LB
c.307T>C,p.Y103H,103,Y,H,Conflicting
c.308A>C,p.Y103S,103,Y,S,VUS
c.308A>G,p.Y103C,103,Y,C,Conflicting
c.308A>T,p.Y103F,103,Y,F,VUS
c.311A>C,p.K104T,104,K,T,VUS
c.312G>C,p.K104N,104,K,N,VUS
c.314A>G,p.N105S,105,N,S,VUS
c.316A>G,p.R106G,106,R,G,LB
c.317G>A,p.R106K,106,R,K,B
c.317G>C,p.R106T,106,R,T,Conflicting
c.319G>A,p.A107T,107,A,T,VUS
c.319G>C,p.A107P,107,A,P,Conflicting
c.320C>A,p.A107D,107,A,D,VUS
c.320C>G,p.A107G,107,A,G,Conflicting
c.320C>T,p.A107V,107,A,V,VUS
c.322G>A,p.G108R,108,G,R,VUS
c.323G>A,p.G108E,108,G,E,VUS
c.323G>T,p.G108V,108,G,V,Conflicting
c.325A>G,p.N109D,109,N,D,LB
c.326A>G,p.N109S,109,N,S,Conflicting
c.328A>C,p.K110Q,110,K,Q,Conflicting
c.328A>G,p.K110E,110,K,E,VUS
c.330G>C,p.K110N,110,K,N,VUS
c.331G>A,p.A111T,111,A,T,VUS
c.331G>T,p.A111S,111,A,S,VUS
c.332C>G,p.A111G,111,A,G,Conflicting
c.332C>T,p.A111V,111,A,V,Conflicting
c.335C>G,p.S112C,112,S,C,Conflicting
c.335C>T,p.S112F,112,S,F,Conflicting
c.337A>C,p.K113Q,113,K,Q,VUS
c.337A>G,p.K113E,113,K,E,VUS
c.338A>G,p.K113R,113,K,R,Conflicting
c.339G>C,p.K113N,113,K,N,VUS
c.343A>T,p.N115Y,115,N,Y,VUS
c.345T>G,p.N115K,115,N,K,LB
c.347A>T,p.D116V,116,D,V,VUS
c.348T>A,p.D116E,116,D,E,VUS
c.349T>C,p.W117R,117,W,R,VUS
c.349T>G,p.W117G,117,W,G,VUS
c.350G>C,p.W117S,117,W,S,VUS
c.350G>T,p.W117L,117,W,L,VUS
c.353A>G,p.Y118C,118,Y,C,Conflicting
c.358G>A,p.A120T,120,A,T,VUS
c.361T>A,p.Y121N,121,Y,N,VUS
c.362A>G,p.Y121C,121,Y,C,Conflicting
c.364A>C,p.K122Q,122,K,Q,Conflicting
c.364A>G,p.K122E,122,K,E,VUS
c.365A>C,p.K122T,122,K,T,LB
c.365A>T,p.K122M,122,K,M,VUS
c.366G>C,p.K122N,122,K,N,Conflicting
c.367G>A,p.A123T,123,A,T,VUS
c.367G>T,p.A123S,123,A,S,VUS
c.368C>G,p.A123G,123,A,G,Conflicting
c.370T>A,p.S124T,124,S,T,VUS
c.371C>G,p.S124C,124,S,C,VUS
c.371C>T,p.S124F,124,S,F,VUS
c.373C>A,p.P125T,125,P,T,VUS
c.374C>G,p.P125R,125,P,R,VUS
c.374C>T,p.P125L,125,P,L,VUS
c.376G>A,p.G126S,126,G,S,Conflicting
c.376G>C,p.G126R,126,G,R,VUS
c.377G>A,p.G126D,126,G,D,VUS
c.377G>T,p.G126V,126,G,V,VUS
c.379A>G,p.N127D,127,N,D,Conflicting
c.379A>T,p.N127Y,127,N,Y,VUS
c.380A>C,p.N127T,127,N,T,VUS
c.380A>G,p.N127S,127,N,S,B
c.382C>G,p.L128V,128,L,V,Conflicting
c.383T>C,p.L128P,128,L,P,LB
c.383T>G,p.L128R,128,L,R,Conflicting
c.385T>C,p.S129P,129,S,P,LB
c.386C>G,p.S129C,129,S,C,Conflicting
c.386C>T,p.S129F,129,S,F,Conflicting
c.388C>G,p.Q130E,130,Q,E,VUS
c.390G>C,p.Q130H,130,Q,H,VUS
c.391T>G,p.F131V,131,F,V,Conflicting
c.392T>C,p.F131S,131,F,S,VUS
c.395A>T,p.E132V,132,E,V,VUS
c.397G>T,p.D133Y,133,D,Y,VUS
c.398A>G,p.D133G,133,D,G,Conflicting
c.400A>G,p.I134V,134,I,V,Conflicting
c.400A>T,p.I134F,134,I,F,Conflicting
c.401T>C,p.I134T,134,I,T,VUS
c.403C>A,p.L135I,135,L,I,Conflicting
c.403C>G,p.L135V,135,L,V,Conflicting
c.403C>T,p.L135F,135,L,F,Conflicting
c.407T>C,p.F136S,136,F,S,VUS
c.408T>G,p.F136L,136,F,L,VUS
c.409G>C,p.G137R,137,G,R,Conflicting
c.410G>C,p.G137A,137,G,A,VUS
c.410G>T,p.G137V,137,G,V,VUS
c.412A>G,p.N138D,138,N,D,VUS
c.412A>T,p.N138Y,138,N,Y,VUS
c.413A>G,p.N138S,138,N,S,Conflicting
c.414C>A,p.N138K,138,N,K,VUS
c.414C>G,p.N138K,138,N,K,VUS
c.415A>G,p.N139D,139,N,D,Conflicting
c.416A>G,p.N139S,139,N,S,Conflicting
c.419A>C,p.D140A,140,D,A,VUS
c.419A>G,p.D140G,140,D,G,VUS
c.421A>G,p.M141V,141,M,V,Conflicting
c.422T>C,p.M141T,141,M,T,Conflicting
c.423G>A,p.M141I,141,M,I,Conflicting
c.424T>G,p.S142A,142,S,A,VUS
c.425C>T,p.S142L,142,S,L,Conflicting
c.427G>A,p.A143T,143,A,T,VUS
c.428C>G,p.A143G,143,A,G,VUS
c.428C>T,p.A143V,143,A,V,Conflicting
c.430T>C,p.S144P,144,S,P,VUS
c.430T>G,p.S144A,144,S,A,Conflicting
c.431C>G,p.S144C,144,S,C,Conflicting
c.433A>G,p.I145V,145,I,V,Conflicting
c.434T>C,p.I145T,145,I,T,Conflicting
c.435T>G,p.I145M,145,I,M,Conflicting
c.436G>C,p.G146R,146,G,R,VUS
c.437G>T,p.G146V,146,G,V,Conflicting
c.439G>A,p.V147I,147,V,I,Conflicting
c.440T>A,p.V147D,147,V,D,VUS
c.440T>G,p.V147G,147,V,G,Conflicting
c.442G>A,p.V148M,148,V,M,Conflicting
c.442G>C,p.V148L,148,V,L,VUS
c.443T>A,p.V148E,148,V,E,Conflicting
c.443T>C,p.V148A,148,V,A,VUS
c.445G>A,p.G149S,149,G,S,Conflicting
c.445G>C,p.G149R,149,G,R,LP
c.446G>A,p.G149D,149,G,D,Conflicting
c.446G>C,p.G149A,149,G,A,VUS
c.446G>T,p.G149V,149,G,V,VUS
c.448G>A,p.V150I,150,V,I,VUS
c.448G>C,p.V150L,150,V,L,VUS
c.448G>T,p.V150F,150,V,F,Conflicting
c.452A>C,p.K151T,151,K,T,VUS
c.456G>A,p.M152I,152,M,I,Conflicting
c.458C>G,p.S153C,153,S,C,Conflicting
c.458C>T,p.S153F,153,S,F,Conflicting
c.460G>A,p.A154T,154,A,T,Conflicting
c.460G>C,p.A154P,154,A,P,LB
c.461C>T,p.A154V,154,A,V,Conflicting
c.463G>A,p.V155I,155,V,I,Conflicting
c.463G>T,p.V155F,155,V,F,VUS
c.464T>A,p.V155D,155,V,D,VUS
c.464T>C,p.V155A,155,V,A,Conflicting
c.464T>G,p.V155G,155,V,G,Conflicting
c.466G>C,p.D156H,156,D,H,VUS
c.467A>T,p.D156V,156,D,V,VUS
c.470G>C,p.G157A,157,G,A,Conflicting
c.470G>T,p.G157V,157,G,V,VUS
c.473A>G,p.Q158R,158,Q,R,VUS
c.476G>A,p.R159K,159,R,K,VUS
c.476G>T,p.R159I,159,R,I,VUS
c.478C>A,p.Q160K,160,Q,K,VUS
c.478C>G,p.Q160E,160,Q,E,Conflicting
c.479A>C,p.Q160P,160,Q,P,VUS
c.479A>G,p.Q160R,160,Q,R,VUS
c.479A>T,p.Q160L,160,Q,L,VUS
c.480G>T,p.Q160H,160,Q,H,Conflicting
c.481G>A,p.V161I,161,V,I,Conflicting
c.481G>C,p.V161L,161,V,L,VUS
c.481G>T,p.V161F,161,V,F,VUS
c.482T>A,p.V161D,161,V,D,P
c.482T>C,p.V161A,161,V,A,Conflicting
c.484G>A,p.G162R,162,G,R,P
c.485G>C,p.G162A,162,G,A,VUS
c.485G>T,p.G162V,162,G,V,VUS
c.487G>T,p.V163F,163,V,F,VUS
c.488T>A,p.V163D,163,V,D,P
c.488T>C,p.V163A,163,V,A,Conflicting
c.488T>G,p.V163G,163,V,G,P
c.490G>A,p.G164R,164,G,R,P
c.490G>C,p.G164R,164,G,R,P
c.490G>T,p.G164W,164,G,W,LP
c.491G>A,p.G164E,164,G,E,LP
c.493T>G,p.Y165D,165,Y,D,LP
c.494A>G,p.Y165C,165,Y,C,VUS
c.496G>A,p.V166M,166,V,M,Conflicting
c.496G>T,p.V166L,166,V,L,VUS
c.499G>C,p.D167H,167,D,H,B
c.503C>A,p.S168Y,168,S,Y,VUS
c.503C>T,p.S168F,168,S,F,Conflicting
c.505A>G,p.I169V,169,I,V,LB
c.506T>C,p.I169T,169,I,T,Conflicting
c.507A>G,p.I169M,169,I,M,Conflicting
c.508C>A,p.Q170K,170,Q,K,VUS
c.508C>G,p.Q170E,170,Q,E,Conflicting
c.509A>G,p.Q170R,170,Q,R,Conflicting
c.510G>C,p.Q170H,170,Q,H,Conflicting
c.510G>T,p.Q170H,170,Q,H,VUS
c.512G>A,p.R171K,171,R,K,Conflicting
c.515A>G,p.K172R,172,K,R,VUS
c.517C>G,p.L173V,173,L,V,Conflicting
c.518T>C,p.L173P,173,L,P,LP
c.518T>G,p.L173R,173,L,R,P
c.524T>C,p.L175P,175,L,P,LP
c.527G>A,p.C176Y,176,C,Y,VUS
c.527G>T,p.C176F,176,C,F,VUS
c.529G>A,p.E177K,177,E,K,VUS
c.530A>G,p.E177G,177,E,G,VUS
c.530A>T,p.E177V,177,E,V,VUS
c.531A>T,p.E177D,177,E,D,VUS
c.533T>A,p.F178Y,178,F,Y,VUS
c.534C>A,p.F178L,178,F,L,VUS
c.534C>G,p.F178L,178,F,L,VUS
c.536C>T,p.P179L,179,P,L,Conflicting
c.539A>C,p.D180A,180,D,A,VUS
c.539A>T,p.D180V,180,D,V,Conflicting
c.541A>G,p.N181D,181,N,D,Conflicting
c.544G>A,p.D182N,182,D,N,Conflicting
c.544G>T,p.D182Y,182,D,Y,Conflicting
c.545A>T,p.D182V,182,D,V,VUS
c.546T>A,p.D182E,182,D,E,VUS
c.547C>A,p.Q183K,183,Q,K,Conflicting
c.547C>G,p.Q183E,183,Q,E,Conflicting
c.548A>G,p.Q183R,183,Q,R,Conflicting
c.549G>T,p.Q183H,183,Q,H,VUS
c.552C>A,p.F184L,184,F,L,Conflicting
c.554C>T,p.S185F,185,S,F,VUS
c.556A>C,p.N186H,186,N,H,VUS
c.556A>G,p.N186D,186,N,D,Conflicting
c.557A>G,p.N186S,186,N,S,Conflicting
c.557A>T,p.N186I,186,N,I,VUS
c.559C>A,p.L187I,187,L,I,VUS
c.559C>T,p.L187F,187,L,F,VUS
c.560T>A,p.L187H,187,L,H,LP
c.560T>C,p.L187P,187,L,P,P
c.560T>G,p.L187R,187,L,R,P
c.562G>A,p.E188K,188,E,K,Conflicting
c.562G>C,p.E188Q,188,E,Q,VUS
c.564G>C,p.E188D,188,E,D,Conflicting
c.564G>T,p.E188D,188,E,D,VUS
c.565G>A,p.A189T,189,A,T,Conflicting
c.566C>G,p.A189G,189,A,G,Conflicting
c.566C>T,p.A189V,189,A,V,LB
c.568C>G,p.L190V,190,L,V,Conflicting
c.568C>T,p.L190F,190,L,F,VUS
c.569T>C,p.L190P,190,L,P,LP
c.571C>G,p.L191V,191,L,V,VUS
c.571C>T,p.L191F,191,L,F,Conflicting
c.572T>G,p.L191R,191,L,R,LP
c.574A>T,p.I192F,192,I,F,Conflicting
c.576C>G,p.I192M,192,I,M,Conflicting
c.577C>A,p.Q193K,193,Q,K,LB
c.578A>C,p.Q193P,193,Q,P,VUS
c.580A>G,p.I194V,194,I,V,Conflicting
c.581T>C,p.I194T,194,I,T,Conflicting
c.586C>T,p.P196S,196,P,S,Conflicting
c.587C>A,p.P196Q,196,P,Q,VUS
c.589A>C,p.K197Q,197,K,Q,Conflicting
c.589A>G,p.K197E,197,K,E,Conflicting
c.591G>T,p.K197N,197,K,N,VUS
c.592G>A,p.E198K,198,E,K,Conflicting
c.592G>C,p.E198Q,198,E,Q,VUS
c.593A>C,p.E198A,198,E,A,LP
c.593A>G,p.E198G,198,E,G,B
c.594A>T,p.E198D,198,E,D,VUS
c.595T>C,p.C199R,199,C,R,P
c.595T>G,p.C199G,199,C,G,VUS
c.596G>A,p.C199Y,199,C,Y,LP
c.597T>G,p.C199W,199,C,W,LP
c.598G>A,p.V200I,200,V,I,Conflicting
c.599T>A,p.V200D,200,V,D,P
c.599T>C,p.V200A,200,V,A,VUS
c.604C>T,p.P202S,202,P,S,VUS
c.605C>G,p.P202R,202,P,R,Conflicting
c.605C>T,p.P202L,202,P,L,Conflicting
c.607G>A,p.G203R,203,G,R,Conflicting
c.608G>A,p.G203E,203,G,E,VUS
c.608G>C,p.G203A,203,G,A,Conflicting
c.608G>T,p.G203V,203,G,V,VUS
c.610G>A,p.G204R,204,G,R,Conflicting
c.610G>C,p.G204R,204,G,R,VUS
c.611G>A,p.G204E,204,G,E,VUS
c.611G>C,p.G204A,204,G,A,Conflicting
c.613G>C,p.E205Q,205,E,Q,Conflicting
c.615G>C,p.E205D,205,E,D,VUS
c.615G>T,p.E205D,205,E,D,LB
c.616A>T,p.T206S,206,T,S,Conflicting
c.617C>G,p.T206S,206,T,S,Conflicting
c.617C>T,p.T206I,206,T,I,Conflicting
c.619G>A,p.A207T,207,A,T,Conflicting
c.619G>C,p.A207P,207,A,P,VUS
c.619G>T,p.A207S,207,A,S,VUS
c.620C>T,p.A207V,207,A,V,LB
c.623G>C,p.G208A,208,G,A,VUS
c.625G>C,p.D209H,209,D,H,VUS
c.627C>G,p.D209E,209,D,E,Conflicting
c.628A>C,p.M210L,210,M,L,Conflicting
c.628A>G,p.M210V,210,M,V,Conflicting
c.629T>C,p.M210T,210,M,T,VUS
c.630G>A,p.M210I,210,M,I,LB
c.631G>A,p.G211R,211,G,R,Conflicting
c.631G>C,p.G211R,211,G,R,Conflicting
c.632G>A,p.G211E,211,G,E,VUS
c.635A>G,p.K212R,212,K,R,LB
c.636A>T,p.K212N,212,K,N,VUS
c.637C>A,p.L213M,213,L,M,VUS
c.638T>A,p.L213Q,213,L,Q,Conflicting
c.638T>G,p.L213R,213,L,R,VUS
c.640A>G,p.R214G,214,R,G,Conflicting
c.641G>A,p.R214K,214,R,K,VUS
c.641G>T,p.R214I,214,R,I,Conflicting
c.646A>G,p.I216V,216,I,V,Conflicting
c.646A>T,p.I216L,216,I,L,VUS
c.647T>C,p.I216T,216,I,T,VUS
c.649A>G,p.I217V,217,I,V,B
c.652C>G,p.Q218E,218,Q,E,VUS
c.656G>C,p.R219T,219,R,T,VUS
c.658G>C,p.G220R,220,G,R,VUS
c.659G>A,p.G220E,220,G,E,VUS
c.661G>A,p.G221R,221,G,R,VUS
c.661G>C,p.G221R,221,G,R,VUS
c.662G>A,p.G221E,221,G,E,VUS
c.664A>G,p.I222V,222,I,V,VUS
c.665T>C,p.I222T,222,I,T,VUS
c.667C>G,p.L223V,223,L,V,VUS
c.668T>C,p.L223P,223,L,P,Conflicting
c.671T>G,p.I224S,224,I,S,VUS
c.672C>G,p.I224M,224,I,M,Conflicting
c.673A>G,p.T225A,225,T,A,VUS
c.674C>G,p.T225R,225,T,R,VUS
c.674C>T,p.T225I,225,T,I,VUS
c.676G>A,p.E226K,226,E,K,LB
c.677A>G,p.E226G,226,E,G,VUS
c.679A>G,p.R227G,227,R,G,Conflicting
c.680G>A,p.R227K,227,R,K,VUS
c.681A>C,p.R227S,227,R,S,VUS
c.681A>T,p.R227S,227,R,S,VUS
c.682A>G,p.K228E,228,K,E,Conflicting
c.686A>T,p.K229I,229,K,I,VUS
c.688G>A,p.A230T,230,A,T,VUS
c.688G>C,p.A230P,230,A,P,Conflicting
c.688G>T,p.A230S,230,A,S,VUS
c.689C>A,p.A230D,230,A,D,VUS
c.689C>G,p.A230G,230,A,G,VUS
c.689C>T,p.A230V,230,A,V,Conflicting
c.691G>A,p.D231N,231,D,N,VUS
c.691G>T,p.D231Y,231,D,Y,VUS
c.698C>G,p.S233C,233,S,C,Conflicting
c.698C>T,p.S233F,233,S,F,Conflicting
c.700A>G,p.T234A,234,T,A,Conflicting
c.700A>T,p.T234S,234,T,S,Conflicting
c.701C>A,p.T234K,234,T,K,LB
c.701C>G,p.T234R,234,T,R,Conflicting
c.701C>T,p.T234I,234,T,I,Conflicting
c.703A>G,p.K235E,235,K,E,Conflicting
c.704A>C,p.K235T,235,K,T,VUS
c.706G>A,p.D236N,236,D,N,Conflicting
c.706G>C,p.D236H,236,D,H,VUS
c.707A>G,p.D236G,236,D,G,Conflicting
c.708C>A,p.D236E,236,D,E,VUS
c.709A>G,p.I237V,237,I,V,Conflicting
c.710T>G,p.I237S,237,I,S,VUS
c.712T>G,p.Y238D,238,Y,D,Conflicting
c.713A>G,p.Y238C,238,Y,C,VUS
c.713A>T,p.Y238F,238,Y,F,Conflicting
c.715C>G,p.Q239E,239,Q,E,Conflicting
c.716A>C,p.Q239P,239,Q,P,VUS
c.716A>G,p.Q239R,239,Q,R,Conflicting
c.716A>T,p.Q239L,239,Q,L,VUS
c.717G>C,p.Q239H,239,Q,H,VUS
c.718G>A,p.D240N,240,D,N,VUS
c.718G>T,p.D240Y,240,D,Y,VUS
c.719A>C,p.D240A,240,D,A,VUS
c.719A>G,p.D240G,240,D,G,Conflicting
c.721C>A,p.L241I,241,L,I,VUS
c.721C>G,p.L241V,241,L,V,LB
c.721C>T,p.L241F,241,L,F,Conflicting
c.722T>C,p.L241P,241,L,P,VUS
c.724A>C,p.N242H,242,N,H,VUS
c.725A>C,p.N242T,242,N,T,VUS
c.725A>G,p.N242S,242,N,S,Conflicting
c.726C>A,p.N242K,242,N,K,VUS
c.726C>G,p.N242K,242,N,K,Conflicting
c.727C>T,p.R243W,243,R,W,Conflicting
c.728G>A,p.R243Q,243,R,Q,Conflicting
c.730T>A,p.L244M,244,L,M,VUS
c.731T>C,p.L244S,244,L,S,VUS
c.732G>T,p.L244F,244,L,F,VUS
c.734T>G,p.L245W,245,L,W,VUS
c.735G>C,p.L245F,245,L,F,VUS
c.735G>T,p.L245F,245,L,F,VUS
c.736A>C,p.K246Q,246,K,Q,Conflicting
c.736A>G,p.K246E,246,K,E,Conflicting
c.738A>C,p.K246N,246,K,N,VUS
c.739G>C,p.G247R,247,G,R,VUS
c.742A>C,p.K248Q,248,K,Q,VUS
c.742A>G,p.K248E,248,K,E,Conflicting
c.743A>G,p.K248R,248,K,R,Conflicting
c.744A>C,p.K248N,248,K,N,VUS
c.745A>G,p.K249E,249,K,E,LB
c.746A>C,p.K249T,249,K,T,VUS
c.746A>G,p.K249R,249,K,R,VUS
c.747G>C,p.K249N,249,K,N,VUS
c.748G>A,p.G250R,250,G,R,VUS
c.749G>A,p.G250E,250,G,E,Conflicting
c.749G>T,p.G250V,250,G,V,VUS
c.751G>A,p.E251K,251,E,K,Conflicting
c.752A>G,p.E251G,251,E,G,VUS
c.755A>C,p.Q252P,252,Q,P,Conflicting
c.755A>G,p.Q252R,252,Q,R,Conflicting
c.755A>T,p.Q252L,252,Q,L,LB
c.756G>C,p.Q252H,252,Q,H,Conflicting
c.756G>T,p.Q252H,252,Q,H,VUS
c.757A>G,p.M253V,253,M,V,VUS
c.757A>T,p.M253L,253,M,L,B
c.758T>C,p.M253T,253,M,T,VUS
c.758T>G,p.M253R,253,M,R,VUS
c.759G>A,p.M253I,253,M,I,Conflicting
c.760A>G,p.N254D,254,N,D,VUS
c.761A>G,p.N254S,254,N,S,Conflicting
c.763A>C,p.S255R,255,S,R,Conflicting
c.763A>G,p.S255G,255,S,G,Conflicting
c.764G>A,p.S255N,255,S,N,Conflicting
c.764G>C,p.S255T,255,S,T,Conflicting
c.766G>A,p.A256T,256,A,T,Conflicting
c.767C>T,p.A256V,256,A,V,VUS
c.769G>A,p.V257I,257,V,I,Conflicting
c.774G>T,p.L258F,258,L,F,Conflicting
c.775C>T,p.P259S,259,P,S,Conflicting
c.776C>G,p.P259R,259,P,R,VUS
c.776C>T,p.P259L,259,P,L,Conflicting
c.778G>A,p.E260K,260,E,K,VUS
c.779A>T,p.E260V,260,E,V,VUS
c.781A>G,p.M261V,261,M,V,VUS
c.781A>T,p.M261L,261,M,L,VUS
c.782T>C,p.M261T,261,M,T,Conflicting
c.783G>A,p.M261I,261,M,I,Conflicting
c.784G>A,p.E262K,262,E,K,VUS
c.784G>C,p.E262Q,262,E,Q,VUS
c.785A>T,p.E262V,262,E,V,VUS
c.786G>C,p.E262D,262,E,D,Conflicting
c.786G>T,p.E262D,262,E,D,Conflicting
c.787A>C,p.N263H,263,N,H,Conflicting
c.787A>T,p.N263Y,263,N,Y,VUS
c.788A>G,p.N263S,263,N,S,VUS
c.788A>T,p.N263I,263,N,I,VUS
c.789T>G,p.N263K,263,N,K,Conflicting
c.791A>C,p.Q264P,264,Q,P,VUS
c.791A>G,p.Q264R,264,Q,R,Conflicting
c.791A>T,p.Q264L,264,Q,L,VUS
c.792G>C,p.Q264H,264,Q,H,VUS
c.793G>A,p.V265I,265,V,I,VUS
c.793G>T,p.V265F,265,V,F,Conflicting
c.796G>A,p.A266T,266,A,T,VUS
c.797C>A,p.A266E,266,A,E,VUS
c.797C>T,p.A266V,266,A,V,Conflicting
c.799G>A,p.V267I,267,V,I,LB
c.799G>T,p.V267F,267,V,F,Conflicting
c.802T>G,p.S268A,268,S,A,Conflicting
c.803C>T,p.S268L,268,S,L,Conflicting
c.806C>T,p.S269L,269,S,L,Conflicting
c.808C>G,p.L270V,270,L,V,Conflicting
c.809T>C,p.L270P,270,L,P,LP
c.812C>A,p.S271Y,271,S,Y,Conflicting
c.812C>G,p.S271C,271,S,C,Conflicting
c.814G>A,p.A272T,272,A,T,VUS
c.815C>T,p.A272V,272,A,V,B
c.817G>A,p.V273I,273,V,I,Conflicting
c.817G>T,p.V273L,273,V,L,VUS
c.818T>C,p.V273A,273,V,A,Conflicting
c.820A>C,p.I274L,274,I,L,VUS
c.820A>G,p.I274V,274,I,V,Conflicting
c.822C>G,p.I274M,274,I,M,Conflicting
c.823A>C,p.K275Q,275,K,Q,Conflicting
c.824A>C,p.K275T,275,K,T,VUS
c.824A>G,p.K275R,275,K,R,Conflicting
c.826T>A,p.F276I,276,F,I,Conflicting
c.826T>G,p.F276V,276,F,V,VUS
c.827T>G,p.F276C,276,F,C,VUS
c.830T>C,p.L277S,277,L,S,VUS
c.832G>A,p.E278K,278,E,K,Conflicting
c.833A>G,p.E278G,278,E,G,VUS
c.835C>G,p.L279V,279,L,V,Conflicting
c.836T>A,p.L279H,279,L,H,Conflicting
c.836T>C,p.L279P,279,L,P,VUS
c.839T>C,p.L280S,280,L,S,LB
c.840A>C,p.L280F,280,L,F,VUS
c.841T>A,p.S281T,281,S,T,VUS
c.841T>C,p.S281P,281,S,P,Conflicting
c.844G>C,p.D282H,282,D,H,VUS
c.845A>C,p.D282A,282,D,A,VUS
c.845A>G,p.D282G,282,D,G,Conflicting
c.846T>G,p.D282E,282,D,E,Conflicting
c.847G>A,p.D283N,283,D,N,VUS
c.847G>C,p.D283H,283,D,H,VUS
c.847G>T,p.D283Y,283,D,Y,LB
c.848A>G,p.D283G,283,D,G,VUS
c.848A>T,p.D283V,283,D,V,LB
c.851C>A,p.S284Y,284,S,Y,Conflicting
c.851C>T,p.S284F,284,S,F,VUS
c.854A>C,p.N285T,285,N,T,VUS
c.854A>G,p.N285S,285,N,S,Conflicting
c.855C>G,p.N285K,285,N,K,Conflicting
c.857T>C,p.F286S,286,F,S,VUS
c.859G>C,p.G287R,287,G,R,VUS
c.860G>A,p.G287E,287,G,E,Conflicting
c.860G>C,p.G287A,287,G,A,Conflicting
c.862C>G,p.Q288E,288,Q,E,VUS
c.863A>G,p.Q288R,288,Q,R,LB
c.864G>C,p.Q288H,288,Q,H,VUS
c.865T>C,p.F289L,289,F,L,Conflicting
c.868G>C,p.E290Q,290,E,Q,VUS
c.870A>T,p.E290D,290,E,D,VUS
c.871C>G,p.L291V,291,L,V,Conflicting
c.874A>C,p.T292P,292,T,P,VUS
c.874A>G,p.T292A,292,T,A,Conflicting
c.874A>T,p.T292S,292,T,S,Conflicting
c.877A>G,p.T293A,293,T,A,Conflicting
c.878C>T,p.T293I,293,T,I,VUS
c.881T>C,p.F294S,294,F,S,VUS
c.881T>G,p.F294C,294,F,C,VUS
c.883G>T,p.D295Y,295,D,Y,Conflicting
c.884A>C,p.D295A,295,D,A,LB
c.885C>G,p.D295E,295,D,E,Conflicting
c.886T>C,p.F296L,296,F,L,Conflicting
c.887T>A,p.F296Y,296,F,Y,VUS
c.887T>C,p.F296S,296,F,S,LB
c.887T>G,p.F296C,296,F,C,Conflicting
c.888C>G,p.F296L,296,F,L,Conflicting
c.889A>G,p.S297G,297,S,G,Conflicting
c.890G>A,p.S297N,297,S,N,VUS
c.891C>G,p.S297R,297,S,R,Conflicting
c.893A>G,p.Q298R,298,Q,R,VUS
c.894G>C,p.Q298H,298,Q,H,Conflicting
c.895T>A,p.Y299N,299,Y,N,LB
c.896A>G,p.Y299C,299,Y,C,Conflicting
c.898A>G,p.M300V,300,M,V,Conflicting
c.900G>A,p.M300I,300,M,I,Conflicting
c.900G>T,p.M300I,300,M,I,Conflicting
c.901A>C,p.K301Q,301,K,Q,VUS
c.904T>A,p.L302M,302,L,M,Conflicting
c.905T>C,p.L302S,302,L,S,VUS
c.906G>C,p.L302F,302,L,F,VUS
c.907G>A,p.D303N,303,D,N,VUS
c.907G>C,p.D303H,303,D,H,VUS
c.908A>T,p.D303V,303,D,V,VUS
c.910A>G,p.I304V,304,I,V,Conflicting
c.910A>T,p.I304F,304,I,F,VUS
c.911T>C,p.I304T,304,I,T,Conflicting
c.913G>A,p.A305T,305,A,T,Conflicting
c.914C>T,p.A305V,305,A,V,VUS
c.916_917delinsAT,p.A306I,306,A,I,VUS
c.916G>A,p.A306T,306,A,T,VUS
c.917C>G,p.A306G,306,A,G,VUS
c.917C>T,p.A306V,306,A,V,VUS
c.918_919delinsTT,p.V307F,307,V,F,VUS
c.919G>C,p.V307L,307,V,L,VUS
c.919G>T,p.V307F,307,V,F,VUS
c.923G>A,p.R308K,308,R,K,VUS
c.923G>C,p.R308T,308,R,T,Conflicting
c.925G>A,p.A309T,309,A,T,VUS
c.925G>C,p.A309P,309,A,P,VUS
c.925G>T,p.A309S,309,A,S,VUS
c.926C>T,p.A309V,309,A,V,Conflicting
c.928C>G,p.L310V,310,L,V,VUS
c.928C>T,p.L310F,310,L,F,VUS
c.929T>C,p.L310P,310,L,P,P
c.929T>G,p.L310R,310,L,R,P
c.932A>C,p.N311T,311,N,T,Conflicting
c.932A>G,p.N311S,311,N,S,VUS
c.933C>A,p.N311K,311,N,K,Conflicting
c.934C>A,p.L312I,312,L,I,VUS
c.934C>G,p.L312V,312,L,V,Conflicting
c.934C>T,p.L312F,312,L,F,Conflicting
c.935T>C,p.L312P,312,L,P,Conflicting
c.937T>C,p.F313L,313,F,L,VUS
c.938T>C,p.F313S,313,F,S,Conflicting
c.942G>T,p.Q314H,314,Q,H,LP
c.943G>A,p.G315S,315,G,S,Conflicting
c.943G>T,p.G315C,315,G,C,VUS
c.944G>A,p.G315D,315,G,D,VUS
c.944G>T,p.G315V,315,G,V,LB
c.946T>A,p.S316T,316,S,T,VUS
c.946T>C,p.S316P,316,S,P,VUS
c.947C>A,p.S316Y,316,S,Y,VUS
c.947C>T,p.S316F,316,S,F,Conflicting
c.949G>A,p.V317I,317,V,I,LB
c.949G>T,p.V317F,317,V,F,Conflicting
c.953A>G,p.E318G,318,E,G,Conflicting
c.955G>A,p.D319N,319,D,N,VUS
c.955G>C,p.D319H,319,D,H,VUS
c.955G>T,p.D319Y,319,D,Y,VUS
c.956A>C,p.D319A,319,D,A,VUS
c.956A>G,p.D319G,319,D,G,Conflicting
c.956A>T,p.D319V,319,D,V,Conflicting
c.958A>G,p.T320A,320,T,A,Conflicting
c.958A>T,p.T320S,320,T,S,VUS
c.959C>A,p.T320N,320,T,N,VUS
c.959C>G,p.T320S,320,T,S,VUS
c.959C>T,p.T320I,320,T,I,Conflicting
c.961A>C,p.T321P,321,T,P,Conflicting
c.961A>G,p.T321A,321,T,A,VUS
c.961A>T,p.T321S,321,T,S,VUS
c.962C>G,p.T321S,321,T,S,Conflicting
c.964G>A,p.G322S,322,G,S,Conflicting
c.965G>A,p.G322D,322,G,D,B
c.965G>T,p.G322V,322,G,V,Conflicting
c.967T>C,p.S323P,323,S,P,Conflicting
c.968C>G,p.S323C,323,S,C,Conflicting
c.968C>T,p.S323F,323,S,F,Conflicting
c.970C>G,p.Q324E,324,Q,E,VUS
c.971A>C,p.Q324P,324,Q,P,VUS
c.973T>G,p.S325A,325,S,A,VUS
c.974C>T,p.S325F,325,S,F,Conflicting
c.976C>A,p.L326M,326,L,M,VUS
c.976C>G,p.L326V,326,L,V,VUS
c.977T>C,p.L326P,326,L,P,VUS
c.979G>A,p.A327T,327,A,T,Conflicting
c.980C>T,p.A327V,327,A,V,Conflicting
c.982G>A,p.A328T,328,A,T,Conflicting
c.982G>C,p.A328P,328,A,P,Conflicting
c.982G>T,p.A328S,328,A,S,LB
c.983C>T,p.A328V,328,A,V,LB
c.985T>G,p.L329V,329,L,V,VUS
c.987G>C,p.L329F,329,L,F,Conflicting
c.988C>A,p.L330M,330,L,M,Conflicting
c.989T>C,p.L330P,330,L,P,P
c.991A>G,p.N331D,331,N,D,VUS
c.992A>G,p.N331S,331,N,S,Conflicting
c.994A>C,p.K332Q,332,K,Q,VUS
c.995A>G,p.K332R,332,K,R,LB
c.995A>T,p.K332M,332,K,M,VUS
c.997T>C,p.C333R,333,C,R,P
c.998G>A,p.C333Y,333,C,Y,P
c.998G>T,p.C333F,333,C,F,LP
c.999T>G,p.C333W,333,C,W,LP
